Organisator;Contactpersoon;Locatie;Wijk;Soort event;Bezoekers_verwacht;datum_aanvraag;Duur (dag);inwoners_gratis
Wentink Events;T. Meyer;Eventementenhal Smart City;Kanaleneiland-Zuid;Workshops/braderie;50;31-1-2015;1;Nee
Amsterdam Events Company;Z. van den Velde;Plein;Lombok-Oost;Muzikaal (live);570;21-5-2018;3;Ja
TicketMaster;V. Mulder;Plein;Pijlsweerd-Zuid;Conferentie;700;21-2-2015;4;Nee
Mojo;G. Verhoeven;Extern - straat;Lombok-West;Workshops/braderie;20;9-9-2019;4;Nee
TicketMaster;U. Koster;Eventementenhal Smart City;Tuinwijk-Oost;Beurs/expo;710;18-9-2017;2;Nee
Arjan van Dijk Groep;F. van de Pol;Plein;Terwijde;Spreker;880;12-5-2019;5;Nee
Arjan van Dijk Groep;T. Schipper;Eventementenhal Smart City;Bedrijventerrein Lageweide;Spreker;0;8-9-2017;2;Nee
PartyCompany;A. van de Berg;Horeca - intern;Transwijk-Noord;Muzikaal (versterkt, niet live);610;11-4-2015;4;Nee
TicketMaster;Q. van der Meer;Extern - straat;Langerak;Conferentie;920;19-5-2020;2;Ja
Amsterdam Events Company;G. Schipper;Extern - publieke parkeerplaats;Lombok-Oost;Uitreiking;350;4-11-2017;4;Nee
PartyCompany;L. Verhoeven;Plein;Kanaleneiland-Noord;Muzikaal (live);690;7-3-2018;2;Nee
Mojo;F. van Dongen;Extern - straat;Lunetten-Noord;Uitreiking;610;15-7-2018;1;Nee
Maison van den Boer Events;U. van de Velde;Stadspark;Langerak;Muzikaal (niet versterkt);490;3-5-2017;1;Nee
Maison van den Boer Events;A. de Jonge;Extern - publieke parkeerplaats;Lombok-Oost;Muzikaal (niet versterkt);900;3-8-2017;4;Nee
Maison van den Boer Events;T. van de Velde;Buurthuis;Lunetten-Zuid;Muzikaal (live);70;14-2-2017;4;Nee
Arjan van Dijk Groep;Z. van de Ven;Horeca - intern;Oudwijk;Muzikaal (niet versterkt);790;1-5-2019;5;Nee
Amsterdam Events Company;I. Kuiper;Extern - publieke parkeerplaats;Tuindorp-Oost;Muzikaal (niet versterkt);570;24-6-2017;4;Nee
EventBrite;D. Timmermans;Extern - straat;Tuindorp-Oost;Muzikaal (niet versterkt);870;14-5-2015;3;Ja
PartyCompany;P. van den Bosch;Extern - publieke parkeerplaats;Molenbuurt;Uitreiking;820;30-4-2019;5;Ja
EventBrite;A. de Ruiter;Extern - straat;Pijlsweerd-Noord;Workshops/braderie;80;1-6-2020;3;Nee
PartyCompany;L. Gerritsen;Extern - eigen terrein;Oudwijk;Muzikaal (versterkt, niet live);500;16-2-2016;4;Nee
EventBrite;X. van den Pol;Eventementenhal Smart City;Papendorp;Conferentie;500;14-1-2016;5;Ja
Amsterdam Events Company;M. van den Brink;Sportcomplex;Rivierenwijk;Muzikaal (versterkt, niet live);830;23-10-2015;4;Nee
Arjan van Dijk Groep;J. Dekker;Extern - publieke parkeerplaats;Zuilen-Noord;Beurs/expo;90;22-2-2019;5;Nee
Maison van den Boer Events;W. Postma;Buurthuis;Buurtnaam;Spreker;270;19-10-2019;5;Ja
PartyCompany;T. de Ruiter;Buurthuis;Transwijk-Noord;Muzikaal (live);600;23-4-2017;3;Nee
Wentink Events;X. Willems;Sportcomplex;Pijlsweerd-Noord;Muzikaal (niet versterkt);170;3-9-2019;3;Nee
Arjan van Dijk Groep;D. van der Velden;Buurthuis;Bokkenbuurt;Workshops/braderie;190;12-7-2018;5;Nee
Mojo;J. van der Velden;Plein;Hogeweide;Workshops/braderie;180;27-7-2018;3;Nee
EventBrite;Z. Maas;Horeca - intern;Buurtnaam;Workshops/braderie;360;26-5-2019;3;Nee
Arjan van Dijk Groep;A. Vink;Stadspark;Bedrijvengebied Overvecht;Workshops/braderie;190;17-7-2019;1;Ja
Mojo;Y. Hermans;Extern - eigen terrein;Schildersbuurt;Beurs/expo;180;26-5-2016;5;Nee
Amsterdam Events Company;X. Post;Extern - straat;Lombok-Oost;Muzikaal (niet versterkt);10;12-6-2018;5;Nee
Wentink Events;H. Kuypers;Horeca - intern;Buurtnaam;Uitreiking;70;5-12-2017;1;Nee
TicketMaster;T. de Lange;Horeca - intern;Zuilen-Noord;Muzikaal (versterkt, niet live);690;24-8-2017;3;Nee
Arjan van Dijk Groep;S. Prins;Buurthuis;Watervogelbuurt;Spreker;260;24-11-2019;4;Nee
Arjan van Dijk Groep;T. de Leeuw;Sportcomplex;Lombok-Oost;Muzikaal (niet versterkt);690;16-6-2017;1;Ja
PartyCompany;K. van der Horst;Stadspark;Sterrenwijk;Beurs/expo;450;9-9-2017;1;Nee
Maison van den Boer Events;V. Vermeulen;Extern - eigen terrein;Rivierenwijk;Muzikaal (live);340;12-6-2018;4;Nee
Maison van den Boer Events;N. Kuypers;Plein;Geuzenwijk;Muzikaal (live);520;14-2-2016;1;Nee
EventBrite;T. van den Pol;Buurthuis;Pijlsweerd-Zuid;Muzikaal (versterkt, niet live);250;16-9-2016;2;Nee
Mojo;J. van Wijk;Eventementenhal Smart City;Lunetten-Noord;Muzikaal (live);380;29-1-2015;2;Ja
Wentink Events;Z. Kuypers;Stadspark;Geuzenwijk;Spreker;240;20-11-2018;5;Nee
EventBrite;W. Bosman;Extern - straat;Hogeweide;Spreker;150;23-10-2016;5;Nee
Maison van den Boer Events;E. van Wijk;Plein;Kanaleneiland-Noord;Muzikaal (versterkt, niet live);330;1-10-2015;3;Nee
EventBrite;V. Huisman;Stadspark;Lunetten-Noord;Beurs/expo;920;18-4-2020;5;Ja
Mojo;P. van de Veen;Sportcomplex;Geuzenwijk;Muzikaal (versterkt, niet live);780;26-1-2020;1;Nee
Amsterdam Events Company;M. de Haan;Extern - eigen terrein;Bedrijventerrein Lageweide;Conferentie;720;1-3-2020;3;Nee
PartyCompany;E. van Wijk;Stadspark;Kanaleneiland-Noord;Conferentie;550;13-5-2018;4;Nee
EventBrite;X. de Lange;Buurthuis;Rivierenwijk;Muzikaal (versterkt, niet live);490;10-7-2016;4;Nee
Amsterdam Events Company;J. de Haan;Plein;Lunetten-Zuid;Uitreiking;390;21-3-2016;4;Nee
Arjan van Dijk Groep;H. Visser;Extern - eigen terrein;Transwijk-Noord;Muzikaal (niet versterkt);290;7-5-2017;2;Nee
Maison van den Boer Events;R. van der Velden;Stadspark;Oudwijk;Workshops/braderie;680;23-2-2020;5;Nee
Maison van den Boer Events;Z. Prins;Sportcomplex;Lombok-Oost;Uitreiking;350;6-5-2018;4;Ja
Wentink Events;A. Wolters;Sportcomplex;Lombok-Oost;Uitreiking;650;6-9-2019;3;Nee
Wentink Events;N. Janssen;Horeca - intern;Oud Hoograven;Muzikaal (niet versterkt);520;21-9-2019;5;Nee
Arjan van Dijk Groep;E. de Boer;Extern - straat;Transwijk-Zuid;Workshops/braderie;400;27-9-2017;1;Nee
TicketMaster;O. de Bruyn;Extern - straat;Transwijk-Zuid;Workshops/braderie;720;1-11-2016;1;Nee
Arjan van Dijk Groep;O. Dekker;Plein;Tuindorp-Oost;Uitreiking;520;10-6-2020;4;Ja
Wentink Events;T. van der Ven;Extern - straat;Tweede Daalsebuurt en omgeving;Muzikaal (versterkt, niet live);620;25-9-2016;1;Ja
Amsterdam Events Company;U. Kuipers;Horeca - intern;Tuinwijk-West;Muzikaal (niet versterkt);310;27-4-2017;4;Nee
PartyCompany;U. de Haan;Stadspark;Geuzenwijk;Conferentie;840;14-2-2017;5;Nee
Wentink Events;A. Mol;Plein;Geuzenwijk;Muzikaal (versterkt, niet live);960;17-1-2018;4;Ja
Amsterdam Events Company;G. Hendriks;Horeca - intern;Hogeweide;Muzikaal (versterkt, niet live);970;9-1-2016;1;Nee
Arjan van Dijk Groep;H. de Vries;Extern - publieke parkeerplaats;Lunetten-Zuid;Uitreiking;740;16-4-2018;3;Nee
Wentink Events;O. van der Veen;Extern - publieke parkeerplaats;Oud Hoograven;Conferentie;720;5-8-2017;3;Nee
TicketMaster;A. van de Pol;Buurthuis;Lombok-West;Muzikaal (versterkt, niet live);710;2-2-2016;4;Nee
EventBrite;Q. van de Meer;Extern - eigen terrein;Sterrenwijk;Beurs/expo;880;19-1-2020;5;Nee
EventBrite;I. van Veen;Extern - straat;Lunetten-Zuid;Muzikaal (live);650;24-9-2019;1;Nee
Mojo;A. de Wit;Extern - publieke parkeerplaats;Pijlsweerd-Noord;Workshops/braderie;890;19-5-2018;2;Nee
PartyCompany;Z. Blom;Horeca - intern;Transwijk-Zuid;Uitreiking;770;30-1-2020;4;Nee
TicketMaster;K. van Leeuwen;Buurthuis;Lunetten-Noord;Beurs/expo;750;27-11-2015;5;Ja
Mojo;O. de Graaf;Plein;Lunetten-Noord;Muzikaal (versterkt, niet live);260;9-7-2018;5;Nee
Mojo;E. van der Meer;Stadspark;Bloemenbuurt;Beurs/expo;820;5-4-2017;3;Ja
Wentink Events;A. Meyer;Extern - eigen terrein;Kanaleneiland-Noord;Spreker;110;24-8-2019;1;Ja
Mojo;A. Kuypers;Extern - publieke parkeerplaats;Papendorp;Beurs/expo;30;25-11-2015;4;Nee
Arjan van Dijk Groep;A. Smit;Extern - publieke parkeerplaats;Oudwijk;Muzikaal (live);790;10-9-2019;2;Nee
EventBrite;U. de Jong;Horeca - intern;Molenbuurt;Conferentie;810;12-8-2016;3;Nee
Wentink Events;N. van Leeuwen;Plein;Tuinwijk-Oost;Muzikaal (live);780;10-12-2019;5;Nee
Arjan van Dijk Groep;K. Mol;Extern - eigen terrein;Sterrenwijk;Workshops/braderie;450;19-8-2016;5;Nee
PartyCompany;C. van de Meer;Extern - publieke parkeerplaats;Nieuw Hoograven;Beurs/expo;990;8-11-2018;5;Nee
TicketMaster;Y. Meyer;Eventementenhal Smart City;Molenbuurt;Uitreiking;60;22-10-2019;3;Nee
EventBrite;D. van der Laan;Extern - publieke parkeerplaats;Tuindorp-Oost;Muzikaal (niet versterkt);800;22-9-2015;3;Ja
PartyCompany;B. van den Heuvel;Extern - straat;Tuindorp-Oost;Beurs/expo;100;13-12-2015;5;Nee
Mojo;F. van der Velden;Extern - straat;Terwijde;Muzikaal (versterkt, niet live);910;3-7-2015;4;Nee
EventBrite;D. van den Pol;Extern - eigen terrein;Tuindorp-Oost;Muzikaal (versterkt, niet live);580;15-1-2018;5;Ja
Amsterdam Events Company;M. Schipper;Horeca - intern;Lunetten-Zuid;Conferentie;670;17-9-2015;4;Nee
Maison van den Boer Events;C. Mol;Buurthuis;Papendorp;Muzikaal (live);820;19-8-2015;2;Ja
Amsterdam Events Company;C. van Leeuwen;Extern - straat;Molenbuurt;Spreker;90;21-1-2020;2;Nee
EventBrite;N. Jansen;Sportcomplex;Ondiep;Muzikaal (versterkt, niet live);980;2-1-2017;4;Nee
Mojo;W. van Dongen;Sportcomplex;Buurtnaam;Muzikaal (niet versterkt);210;27-3-2020;1;Nee
Arjan van Dijk Groep;M. Dijkstra;Sportcomplex;Lunetten-Noord;Workshops/braderie;570;29-4-2018;1;Nee
Mojo;P. Bosch;Extern - publieke parkeerplaats;Bedrijventerrein Lageweide;Muzikaal (versterkt, niet live);380;28-1-2019;2;Nee
PartyCompany;R. de Boer;Buurthuis;Terwijde;Muzikaal (niet versterkt);210;6-7-2019;1;Ja
Wentink Events;I. van Dijk;Extern - straat;Transwijk-Zuid;Conferentie;680;6-8-2016;4;Nee
TicketMaster;H. Meyer;Extern - straat;Lunetten-Zuid;Workshops/braderie;60;11-11-2016;2;Nee
TicketMaster;F. de Haan;Extern - publieke parkeerplaats;Zuilen-Noord;Muzikaal (niet versterkt);170;22-7-2019;2;Nee
Amsterdam Events Company;O. van den Broek;Extern - publieke parkeerplaats;Lombok-Oost;Muzikaal (live);800;3-3-2015;3;Nee
Amsterdam Events Company;I. Janssen;Horeca - intern;Staatsliedenbuurt;Muzikaal (versterkt, niet live);110;14-11-2015;5;Nee
Mojo;Z. Huisman;Horeca - intern;Pijlsweerd-Zuid;Uitreiking;440;19-4-2015;1;Nee
Amsterdam Events Company;R. de Jonge;Horeca - intern;Schildersbuurt;Uitreiking;940;1-9-2019;1;Nee
Arjan van Dijk Groep;X. van de Brink;Buurthuis;Bloemenbuurt;Spreker;160;17-10-2016;4;Nee
Maison van den Boer Events;I. Vink;Sportcomplex;Papendorp;Conferentie;730;10-12-2015;3;Nee
TicketMaster;Y. Jonker;Extern - publieke parkeerplaats;Vogelenbuurt;Muzikaal (niet versterkt);30;6-9-2017;3;Nee
TicketMaster;P. van den Velden;Extern - publieke parkeerplaats;Transwijk-Noord;Conferentie;720;11-3-2017;4;Ja
EventBrite;Q. van den Velden;Extern - eigen terrein;Lunetten-Noord;Conferentie;150;19-1-2017;3;Nee
Wentink Events;O. Mol;Horeca - intern;Bedrijvengebied Overvecht;Muzikaal (versterkt, niet live);890;18-8-2019;4;Nee
EventBrite;Q. van der Veen;Extern - straat;Strijkviertel;Spreker;730;2-7-2016;3;Nee
TicketMaster;C. de Wit;Extern - publieke parkeerplaats;Tuinwijk-Oost;Conferentie;670;4-8-2016;3;Ja
EventBrite;Z. van der Pol;Extern - eigen terrein;Oud Hoograven;Muzikaal (niet versterkt);830;10-4-2019;3;Nee
Wentink Events;E. van de Meer;Eventementenhal Smart City;Lunetten-Noord;Beurs/expo;20;21-6-2015;2;Nee
EventBrite;I. van der Heyden;Extern - publieke parkeerplaats;Rivierenwijk;Spreker;880;19-4-2015;1;Ja
Arjan van Dijk Groep;U. Veenstra;Sportcomplex;Schildersbuurt;Muzikaal (niet versterkt);360;9-7-2019;1;Nee
Maison van den Boer Events;J. Hoekstra;Eventementenhal Smart City;Bedrijventerrein Lageweide;Beurs/expo;10;20-1-2018;3;Nee
Amsterdam Events Company;E. de Bruyn;Horeca - intern;Langerak;Muzikaal (versterkt, niet live);890;29-9-2019;5;Nee
Mojo;D. Bos;Stadspark;Vogelenbuurt;Workshops/braderie;990;17-5-2020;3;Ja
Wentink Events;R. Brouwer;Plein;Hogeweide;Spreker;500;10-2-2016;5;Nee
Maison van den Boer Events;T. van den Heuvel;Sportcomplex;Zuilen-Noord;Muzikaal (versterkt, niet live);490;11-3-2019;1;Ja
Arjan van Dijk Groep;I. Verhoeven;Stadspark;Bloemenbuurt;Conferentie;60;5-2-2015;5;Ja
TicketMaster;X. van de Berg;Buurthuis;Zuilen-Noord;Muzikaal (niet versterkt);450;22-7-2017;4;Nee
TicketMaster;B. van Leeuwen;Eventementenhal Smart City;Molenbuurt;Muzikaal (niet versterkt);800;1-2-2015;1;Nee
EventBrite;K. van den Velde;Horeca - intern;Pijlsweerd-Noord;Muzikaal (versterkt, niet live);320;14-6-2016;5;Nee
PartyCompany;E. Kuiper;Plein;Staatsliedenbuurt;Beurs/expo;120;8-11-2019;4;Nee
PartyCompany;D. Post;Eventementenhal Smart City;Tuinwijk-Oost;Beurs/expo;360;12-5-2016;2;Nee
Arjan van Dijk Groep;M. van der Pol;Eventementenhal Smart City;Rivierenwijk;Muzikaal (versterkt, niet live);750;26-6-2019;4;Nee
Amsterdam Events Company;S. Kuypers;Buurthuis;Zuilen-Noord;Workshops/braderie;760;2-3-2020;4;Nee
Arjan van Dijk Groep;M. de Vries;Buurthuis;Nieuw Hoograven;Spreker;10;7-12-2016;5;Nee
Mojo;R. Dekker;Stadspark;Langerak;Beurs/expo;220;2-9-2016;1;Ja
Arjan van Dijk Groep;T. Bos;Buurthuis;Dichterswijk;Muzikaal (live);70;16-10-2017;3;Nee
Mojo;U. Visser;Buurthuis;Geuzenwijk;Muzikaal (live);280;11-8-2019;5;Nee
PartyCompany;R. van Leeuwen;Sportcomplex;Bedrijvengebied Overvecht;Muzikaal (niet versterkt);860;28-12-2015;2;Nee
Mojo;G. van de Pol;Stadspark;Watervogelbuurt;Muzikaal (versterkt, niet live);870;13-1-2015;2;Ja
EventBrite;W. van Beek;Buurthuis;Papendorp;Workshops/braderie;330;10-10-2017;4;Nee
Amsterdam Events Company;K. Kuiper;Extern - publieke parkeerplaats;Buurtnaam;Muzikaal (versterkt, niet live);10;20-10-2017;1;Nee
Wentink Events;K. van der Horst;Eventementenhal Smart City;Terwijde;Workshops/braderie;440;29-4-2019;4;Nee
Maison van den Boer Events;A. van den Velden;Eventementenhal Smart City;Pijlsweerd-Noord;Muzikaal (niet versterkt);980;21-4-2020;2;Nee
Amsterdam Events Company;L. Jacobs;Extern - eigen terrein;Rivierenwijk;Uitreiking;950;1-11-2019;5;Nee
EventBrite;M. Hofman;Sportcomplex;Rivierenwijk;Muzikaal (versterkt, niet live);960;27-11-2015;5;Nee
TicketMaster;N. van der Ven;Plein;Tuinwijk-West;Beurs/expo;0;14-10-2015;4;Nee
Amsterdam Events Company;D. van der Linden;Extern - eigen terrein;Dichterswijk;Muzikaal (versterkt, niet live);1000;8-3-2019;3;Nee
Arjan van Dijk Groep;G. van der Veen;Extern - eigen terrein;Schildersbuurt;Muzikaal (niet versterkt);970;5-6-2018;3;Nee
Arjan van Dijk Groep;C. van Loon;Buurthuis;Transwijk-Zuid;Conferentie;100;28-8-2016;2;Nee
Maison van den Boer Events;Q. de Jong;Stadspark;Tuinwijk-Oost;Muzikaal (versterkt, niet live);620;28-2-2018;2;Ja
TicketMaster;T. Jacobs;Buurthuis;Pijlsweerd-Zuid;Muzikaal (versterkt, niet live);380;27-12-2014;1;Nee
Mojo;K. van der Horst;Sportcomplex;Langerak;Workshops/braderie;480;1-8-2017;5;Nee
Mojo;G. Meijer;Buurthuis;Tuinwijk-Oost;Muzikaal (niet versterkt);190;16-4-2019;5;Nee
TicketMaster;Y. Maas;Eventementenhal Smart City;Oudwijk;Muzikaal (versterkt, niet live);270;2-7-2018;1;Nee
Amsterdam Events Company;H. de Haan;Sportcomplex;Dichterswijk;Uitreiking;800;10-11-2017;4;Nee
TicketMaster;A. Meijer;Buurthuis;Oud Hoograven;Muzikaal (versterkt, niet live);40;18-9-2019;3;Ja
TicketMaster;H. van de Ven;Eventementenhal Smart City;Kanaleneiland-Zuid;Muzikaal (live);220;11-12-2017;5;Nee
EventBrite;V. Hoekstra;Extern - straat;Hogeweide;Uitreiking;930;26-3-2019;2;Nee
Mojo;O. Vermeulen;Plein;Vogelenbuurt;Muzikaal (niet versterkt);140;6-12-2017;1;Ja
EventBrite;R. Smit;Plein;Molenbuurt;Muzikaal (live);530;2-8-2018;4;Ja
Mojo;P. van de Meer;Horeca - intern;Zuilen-Noord;Beurs/expo;260;20-12-2018;5;Nee
PartyCompany;O. van de Veen;Stadspark;Tweede Daalsebuurt en omgeving;Spreker;980;27-2-2019;1;Nee
Arjan van Dijk Groep;K. van der Meer;Eventementenhal Smart City;Kanaleneiland-Noord;Muzikaal (versterkt, niet live);580;19-11-2017;4;Nee
Arjan van Dijk Groep;I. Hofman;Extern - eigen terrein;Rivierenwijk;Muzikaal (live);880;13-6-2019;2;Nee
EventBrite;R. Kuiper;Plein;Sterrenwijk;Beurs/expo;880;15-5-2020;3;Nee
TicketMaster;Y. de Jonge;Extern - eigen terrein;Staatsliedenbuurt;Muzikaal (versterkt, niet live);200;21-3-2017;4;Ja
Mojo;Z. van der Heyden;Buurthuis;Papendorp;Conferentie;670;6-3-2019;3;Nee
PartyCompany;J. Visser;Horeca - intern;Buurtnaam;Beurs/expo;280;22-7-2016;3;Ja
EventBrite;E. Koster;Buurthuis;Bedrijventerrein Lageweide;Conferentie;150;18-1-2017;2;Nee
PartyCompany;T. Hendriks;Extern - publieke parkeerplaats;Bedrijvengebied Overvecht;Muzikaal (niet versterkt);760;13-4-2020;2;Ja
EventBrite;V. van den Velden;Stadspark;Sterrenwijk;Muzikaal (live);510;27-1-2017;4;Nee
TicketMaster;I. van Veen;Extern - publieke parkeerplaats;Bloemenbuurt;Muzikaal (niet versterkt);330;31-8-2019;3;Nee
EventBrite;T. Hermans;Horeca - intern;Rivierenwijk;Conferentie;840;8-6-2015;1;Nee
Mojo;M. van der Linden;Horeca - intern;Tweede Daalsebuurt en omgeving;Muzikaal (versterkt, niet live);650;23-7-2018;4;Ja
Amsterdam Events Company;K. Molenaar;Eventementenhal Smart City;Terwijde;Muzikaal (versterkt, niet live);140;26-4-2018;1;Nee
Mojo;F. Blom;Extern - eigen terrein;Oudwijk;Conferentie;180;21-5-2018;5;Nee
Mojo;K. Driessen;Eventementenhal Smart City;Kanaleneiland-Zuid;Conferentie;110;25-9-2015;3;Nee
Arjan van Dijk Groep;I. van den Heuvel;Stadspark;Kanaleneiland-Noord;Uitreiking;440;1-7-2018;2;Nee
Mojo;T. Hoekstra;Eventementenhal Smart City;Kanaleneiland-Zuid;Muzikaal (live);920;22-8-2015;2;Nee
Amsterdam Events Company;K. van der Meulen;Horeca - intern;Molenbuurt;Muzikaal (versterkt, niet live);210;17-6-2020;2;Nee
PartyCompany;O. van der Veen;Plein;Lombok-West;Uitreiking;230;9-2-2020;1;Nee
Amsterdam Events Company;K. van de Veen;Sportcomplex;Nieuw Hoograven;Beurs/expo;590;18-3-2019;5;Nee
Amsterdam Events Company;K. van den Velden;Extern - straat;Transwijk-Noord;Beurs/expo;810;22-4-2017;5;Nee
TicketMaster;P. van der Meulen;Plein;Ondiep;Muzikaal (live);840;21-6-2016;1;Nee
Maison van den Boer Events;G. Kuijpers;Extern - straat;Kanaleneiland-Zuid;Muzikaal (versterkt, niet live);150;11-11-2015;2;Ja
Wentink Events;T. Kuipers;Horeca - intern;Transwijk-Noord;Muzikaal (niet versterkt);400;17-6-2015;4;Nee
EventBrite;H. Bosman;Eventementenhal Smart City;Dichterswijk;Beurs/expo;140;28-4-2018;2;Nee
Maison van den Boer Events;P. Huisman;Sportcomplex;Oudwijk;Workshops/braderie;880;2-7-2018;2;Nee
Amsterdam Events Company;O. de Bruin;Buurthuis;Zuilen-Noord;Conferentie;150;27-10-2015;1;Nee
Arjan van Dijk Groep;Y. Jansen;Extern - straat;Bokkenbuurt;Conferentie;600;7-2-2015;5;Nee
EventBrite;J. Timmermans;Eventementenhal Smart City;Terwijde;Beurs/expo;100;6-8-2018;3;Nee
Mojo;P. Smit;Extern - straat;Pijlsweerd-Noord;Uitreiking;320;23-3-2016;2;Nee
EventBrite;A. van der Veen;Horeca - intern;Kanaleneiland-Zuid;Muzikaal (niet versterkt);960;19-12-2015;2;Ja
Mojo;X. Boer;Horeca - intern;Dichterswijk;Beurs/expo;80;7-5-2019;2;Nee
Wentink Events;P. Vos;Sportcomplex;Schildersbuurt;Muzikaal (niet versterkt);290;4-1-2016;3;Nee
Mojo;W. Koster;Extern - straat;Molenbuurt;Spreker;380;21-5-2019;3;Nee
Maison van den Boer Events;A. van de Ven;Eventementenhal Smart City;Bokkenbuurt;Spreker;210;13-4-2018;1;Ja
Mojo;A. Groen;Extern - publieke parkeerplaats;Kanaleneiland-Zuid;Uitreiking;990;3-3-2016;1;Nee
Wentink Events;U. Kuijpers;Plein;Oud Hoograven;Beurs/expo;230;9-7-2017;1;Ja
Maison van den Boer Events;B. de Vries;Plein;Bloemenbuurt;Uitreiking;200;31-8-2018;2;Nee
TicketMaster;U. Koning;Extern - straat;Pijlsweerd-Noord;Muzikaal (niet versterkt);390;24-3-2020;5;Nee
Amsterdam Events Company;A. de Koning;Buurthuis;Lombok-West;Muzikaal (live);590;10-3-2019;2;Nee
Mojo;T. Bakker;Stadspark;Buurtnaam;Uitreiking;990;9-2-2018;4;Nee
PartyCompany;F. Dijkstra;Extern - eigen terrein;Transwijk-Noord;Conferentie;930;30-6-2016;2;Nee
Wentink Events;R. van der Meer;Eventementenhal Smart City;Bedrijvengebied Overvecht;Workshops/braderie;860;8-12-2018;3;Nee
TicketMaster;H. van der Horst;Eventementenhal Smart City;Pijlsweerd-Zuid;Muzikaal (live);720;15-6-2017;3;Nee
Amsterdam Events Company;L. Jonker;Stadspark;Oudwijk;Conferentie;50;30-4-2017;4;Nee
Arjan van Dijk Groep;C. Kok;Stadspark;Watervogelbuurt;Muzikaal (versterkt, niet live);180;7-9-2015;1;Nee
PartyCompany;J. Jonker;Sportcomplex;Kanaleneiland-Noord;Spreker;260;20-12-2016;4;Nee
Maison van den Boer Events;D. van Leeuwen;Eventementenhal Smart City;Papendorp;Workshops/braderie;820;4-8-2017;5;Ja
Amsterdam Events Company;M. van der Meer;Horeca - intern;Sterrenwijk;Muzikaal (versterkt, niet live);50;13-7-2019;5;Nee
EventBrite;J. Kuypers;Stadspark;Papendorp;Workshops/braderie;870;18-12-2016;2;Nee
Maison van den Boer Events;E. van der Laan;Extern - publieke parkeerplaats;Lombok-Oost;Conferentie;290;23-8-2017;1;Nee
PartyCompany;C. Driessen;Horeca - intern;Transwijk-Zuid;Muzikaal (live);490;30-4-2020;4;Nee
Maison van den Boer Events;G. Dijkstra;Horeca - intern;Papendorp;Conferentie;790;30-7-2016;1;Nee
Amsterdam Events Company;C. de Vries;Horeca - intern;Staatsliedenbuurt;Workshops/braderie;820;4-11-2015;2;Nee
Wentink Events;P. Vink;Extern - publieke parkeerplaats;Ondiep;Muzikaal (niet versterkt);700;21-11-2016;5;Nee
Maison van den Boer Events;Z. Gerritsen;Extern - publieke parkeerplaats;Ondiep;Beurs/expo;150;21-9-2018;2;Nee
Amsterdam Events Company;O. Post;Extern - eigen terrein;Bloemenbuurt;Muzikaal (live);320;2-3-2018;3;Nee
TicketMaster;C. Visser;Extern - eigen terrein;Zuilen-Noord;Conferentie;510;22-12-2017;3;Nee
Amsterdam Events Company;R. Willems;Extern - eigen terrein;Pijlsweerd-Zuid;Workshops/braderie;870;15-8-2018;5;Nee
EventBrite;Q. van der Meer;Extern - publieke parkeerplaats;Buurtnaam;Spreker;620;18-9-2019;3;Ja
PartyCompany;K. Scholten;Extern - publieke parkeerplaats;Ondiep;Workshops/braderie;950;3-3-2017;4;Nee
PartyCompany;Z. Peters;Plein;Bedrijvengebied Overvecht;Spreker;580;5-1-2019;3;Ja
PartyCompany;D. Mol;Buurthuis;Buurtnaam;Uitreiking;200;21-4-2020;2;Ja
Mojo;A. van Loon;Sportcomplex;Bloemenbuurt;Uitreiking;130;14-3-2020;3;Nee
Mojo;G. Vermeulen;Buurthuis;Strijkviertel;Spreker;690;12-1-2019;1;Nee
Amsterdam Events Company;O. van der Pol;Sportcomplex;Langerak;Beurs/expo;780;13-1-2015;2;Nee
Mojo;N. van der Velde;Stadspark;Lunetten-Noord;Beurs/expo;140;25-3-2020;3;Ja
Wentink Events;S. Peeters;Eventementenhal Smart City;Langerak;Workshops/braderie;920;4-7-2018;1;Ja
Wentink Events;F. Smits;Buurthuis;Strijkviertel;Muzikaal (versterkt, niet live);820;20-9-2018;4;Nee
Maison van den Boer Events;M. de Bruijn;Eventementenhal Smart City;Transwijk-Noord;Muzikaal (niet versterkt);380;25-3-2019;3;Nee
Maison van den Boer Events;H. Verhoeven;Sportcomplex;Geuzenwijk;Conferentie;440;14-3-2018;3;Nee
Arjan van Dijk Groep;N. van den Brink;Stadspark;Nieuw Hoograven;Workshops/braderie;550;2-6-2018;4;Nee
EventBrite;T. Dekker;Horeca - intern;Kanaleneiland-Zuid;Uitreiking;840;30-9-2019;5;Nee
EventBrite;P. Vos;Plein;Rivierenwijk;Muzikaal (versterkt, niet live);640;22-7-2017;5;Nee
Mojo;Z. Koning;Sportcomplex;Bloemenbuurt;Muzikaal (niet versterkt);130;4-11-2016;1;Ja
Arjan van Dijk Groep;E. Kuiper;Stadspark;Strijkviertel;Muzikaal (niet versterkt);710;4-9-2016;1;Nee
PartyCompany;T. van den Bosch;Extern - publieke parkeerplaats;Papendorp;Muzikaal (niet versterkt);320;2-7-2019;4;Nee
PartyCompany;P. Meijer;Extern - straat;Tuinwijk-Oost;Muzikaal (live);940;21-9-2019;2;Nee
Arjan van Dijk Groep;L. van der Heyden;Extern - eigen terrein;Staatsliedenbuurt;Workshops/braderie;560;29-4-2019;5;Nee
EventBrite;A. Peeters;Stadspark;Papendorp;Muzikaal (niet versterkt);920;7-11-2016;2;Ja
Arjan van Dijk Groep;Y. de Jonge;Plein;Nieuw Hoograven;Workshops/braderie;590;13-3-2018;3;Nee
Maison van den Boer Events;V. van der Wal;Sportcomplex;Bedrijvengebied Overvecht;Beurs/expo;980;29-6-2018;5;Nee
TicketMaster;J. van der Berg;Buurthuis;Zuilen-Noord;Muzikaal (versterkt, niet live);910;13-11-2016;4;Nee
Arjan van Dijk Groep;Z. Jansen;Extern - publieke parkeerplaats;Pijlsweerd-Noord;Workshops/braderie;860;12-6-2020;3;Nee
PartyCompany;L. van der Berg;Extern - straat;Tuinwijk-Oost;Uitreiking;740;11-2-2017;4;Nee
PartyCompany;N. Huisman;Extern - eigen terrein;Vogelenbuurt;Muzikaal (live);920;28-2-2015;4;Nee
Maison van den Boer Events;X. de Bruijn;Extern - straat;Strijkviertel;Conferentie;450;14-2-2018;2;Nee
Amsterdam Events Company;L. van der Meer;Horeca - intern;Geuzenwijk;Workshops/braderie;170;8-12-2015;2;Nee
Mojo;T. de Haan;Stadspark;Oudwijk;Muzikaal (versterkt, niet live);510;18-11-2019;5;Nee
PartyCompany;D. Groen;Eventementenhal Smart City;Strijkviertel;Uitreiking;790;13-3-2015;3;Nee
TicketMaster;I. Hendriks;Stadspark;Lunetten-Noord;Spreker;530;28-3-2016;4;Nee
EventBrite;G. Martens;Horeca - intern;Oudwijk;Muzikaal (live);150;12-3-2016;3;Nee
PartyCompany;T. van der Berg;Eventementenhal Smart City;Nieuw Hoograven;Conferentie;800;18-3-2015;5;Nee
Arjan van Dijk Groep;J. de Vries;Sportcomplex;Lunetten-Noord;Muzikaal (niet versterkt);570;27-1-2019;2;Nee
PartyCompany;G. de Wit;Eventementenhal Smart City;Tuindorp-Oost;Workshops/braderie;120;26-2-2020;5;Ja
Arjan van Dijk Groep;W. Mulder;Buurthuis;Lunetten-Noord;Spreker;390;31-5-2017;5;Ja
PartyCompany;Q. van der Velden;Buurthuis;Strijkviertel;Beurs/expo;220;8-4-2020;1;Nee
Wentink Events;R. Visser;Stadspark;Kanaleneiland-Zuid;Muzikaal (niet versterkt);570;28-1-2016;5;Nee
Mojo;D. Prins;Plein;Molenbuurt;Muzikaal (versterkt, niet live);280;4-9-2015;3;Nee
Wentink Events;B. Gerritsen;Horeca - intern;Papendorp;Workshops/braderie;720;20-11-2019;3;Ja
Arjan van Dijk Groep;F. Schouten;Stadspark;Tuindorp-Oost;Spreker;630;22-11-2018;3;Nee
Arjan van Dijk Groep;C. Mol;Plein;Pijlsweerd-Noord;Workshops/braderie;940;21-2-2017;1;Nee
EventBrite;P. Molenaar;Stadspark;Molenbuurt;Conferentie;900;29-8-2016;5;Nee
Maison van den Boer Events;Z. Jansen;Buurthuis;Papendorp;Conferentie;340;17-2-2015;2;Nee
Arjan van Dijk Groep;E. Scholten;Buurthuis;Schildersbuurt;Uitreiking;890;15-2-2018;5;Nee
EventBrite;S. van der Linden;Extern - publieke parkeerplaats;Tuinwijk-West;Conferentie;210;1-10-2017;2;Ja
Arjan van Dijk Groep;P. de Lange;Plein;Buurtnaam;Beurs/expo;970;13-8-2018;4;Nee
TicketMaster;L. de Bruijn;Extern - publieke parkeerplaats;Pijlsweerd-Zuid;Uitreiking;160;9-6-2015;1;Nee
Arjan van Dijk Groep;A. van der Meulen;Extern - eigen terrein;Zuilen-Noord;Muzikaal (niet versterkt);740;6-6-2019;5;Ja
Arjan van Dijk Groep;G. Koster;Extern - straat;Transwijk-Noord;Muzikaal (live);160;27-12-2015;5;Ja
TicketMaster;B. van Vliet;Eventementenhal Smart City;Sterrenwijk;Muzikaal (live);300;4-3-2020;5;Ja
Wentink Events;R. van Dijk;Horeca - intern;Zuilen-Noord;Muzikaal (niet versterkt);990;31-5-2020;5;Nee
Wentink Events;Y. Dekker;Extern - publieke parkeerplaats;Buurtnaam;Muzikaal (versterkt, niet live);790;21-12-2016;1;Nee
Mojo;O. Scholten;Plein;Zuilen-Noord;Workshops/braderie;20;18-7-2016;5;Nee
Arjan van Dijk Groep;D. Meyer;Stadspark;Lunetten-Noord;Spreker;490;1-8-2019;3;Nee
PartyCompany;I. Meyer;Horeca - intern;Tweede Daalsebuurt en omgeving;Beurs/expo;170;15-12-2019;3;Nee
Mojo;V. van Leeuwen;Horeca - intern;Lombok-West;Muzikaal (versterkt, niet live);820;16-6-2017;4;Nee
Maison van den Boer Events;K. van der Veen;Plein;Kanaleneiland-Zuid;Muzikaal (live);350;29-6-2018;3;Ja
Arjan van Dijk Groep;T. Bosch;Sportcomplex;Schildersbuurt;Spreker;190;23-9-2019;2;Nee
Maison van den Boer Events;Z. van de Ven;Extern - straat;Tuinwijk-Oost;Muzikaal (live);540;6-3-2019;3;Nee
Wentink Events;S. van Dam;Buurthuis;Lunetten-Zuid;Workshops/braderie;930;9-3-2015;5;Nee
EventBrite;W. de Graaf;Plein;Bokkenbuurt;Spreker;120;8-10-2017;3;Nee
Maison van den Boer Events;M. van Leeuwen;Extern - publieke parkeerplaats;Transwijk-Zuid;Beurs/expo;860;2-9-2019;3;Nee
Amsterdam Events Company;L. van der Laan;Sportcomplex;Geuzenwijk;Muzikaal (live);300;5-6-2019;3;Nee
Mojo;I. van der Laan;Extern - eigen terrein;Molenbuurt;Muzikaal (niet versterkt);190;21-5-2020;5;Nee
Mojo;O. Meijer;Horeca - intern;Langerak;Spreker;750;23-2-2020;2;Nee
Amsterdam Events Company;Q. Dekker;Extern - eigen terrein;Zuilen-Noord;Workshops/braderie;970;8-12-2017;2;Nee
Mojo;Q. van Wijk;Horeca - intern;Tuinwijk-Oost;Uitreiking;760;3-8-2017;4;Nee
Maison van den Boer Events;E. Vink;Extern - publieke parkeerplaats;Ondiep;Muzikaal (live);590;30-11-2019;5;Nee
Amsterdam Events Company;R. Martens;Extern - publieke parkeerplaats;Rivierenwijk;Conferentie;130;1-3-2020;1;Nee
Wentink Events;X. Post;Sportcomplex;Rivierenwijk;Muzikaal (niet versterkt);370;11-4-2015;2;Nee
Maison van den Boer Events;X. Jacobs;Stadspark;Rivierenwijk;Uitreiking;610;17-7-2017;5;Nee
EventBrite;X. Visser;Extern - eigen terrein;Pijlsweerd-Noord;Spreker;490;14-6-2017;3;Nee
Mojo;V. de Wit;Buurthuis;Geuzenwijk;Workshops/braderie;180;16-6-2020;3;Nee
TicketMaster;V. de Bruin;Buurthuis;Transwijk-Noord;Workshops/braderie;380;9-12-2017;2;Nee
Maison van den Boer Events;D. Peters;Horeca - intern;Tweede Daalsebuurt en omgeving;Muzikaal (niet versterkt);930;30-10-2019;4;Ja
Amsterdam Events Company;N. Kok;Sportcomplex;Bedrijvengebied Overvecht;Muzikaal (versterkt, niet live);680;31-3-2018;3;Nee
Mojo;U. van den Bosch;Horeca - intern;Langerak;Muzikaal (versterkt, niet live);450;24-11-2016;3;Nee
Amsterdam Events Company;P. van den Brink;Plein;Langerak;Muzikaal (live);970;13-9-2016;3;Nee
PartyCompany;U. Vos;Buurthuis;Lunetten-Zuid;Muzikaal (live);70;4-12-2018;5;Nee
Amsterdam Events Company;C. Huisman;Horeca - intern;Papendorp;Workshops/braderie;670;10-4-2016;5;Ja
Arjan van Dijk Groep;E. van der Berg;Extern - straat;Schildersbuurt;Muzikaal (live);60;21-6-2017;4;Nee
Wentink Events;V. Smits;Horeca - intern;Tuindorp-Oost;Conferentie;480;30-4-2019;5;Nee
PartyCompany;C. Driessen;Eventementenhal Smart City;Schildersbuurt;Conferentie;570;22-12-2015;3;Nee
TicketMaster;Q. de Bruyn;Stadspark;Tuinwijk-West;Spreker;390;5-5-2016;3;Nee
Wentink Events;J. Driessen;Plein;Ondiep;Spreker;640;8-4-2017;3;Nee
Maison van den Boer Events;E. de Leeuw;Plein;Transwijk-Noord;Spreker;120;27-7-2016;1;Nee
EventBrite;J. Peeters;Eventementenhal Smart City;Bedrijvengebied Overvecht;Muzikaal (niet versterkt);910;2-2-2017;5;Ja
Wentink Events;G. van Dijk;Buurthuis;Dichterswijk;Beurs/expo;120;14-10-2016;4;Ja
Amsterdam Events Company;W. van der Horst;Extern - eigen terrein;Molenbuurt;Conferentie;640;10-8-2018;3;Nee
Amsterdam Events Company;B. van de Pol;Sportcomplex;Pijlsweerd-Zuid;Muzikaal (versterkt, niet live);840;27-12-2018;4;Nee
TicketMaster;T. Kramer;Eventementenhal Smart City;Kanaleneiland-Zuid;Conferentie;210;12-2-2019;1;Nee
TicketMaster;Y. Bosman;Horeca - intern;Kanaleneiland-Noord;Workshops/braderie;560;3-3-2015;3;Ja
Mojo;G. Dekker;Extern - straat;Molenbuurt;Muzikaal (niet versterkt);900;15-7-2018;2;Nee
EventBrite;Y. Vink;Sportcomplex;Oud Hoograven;Uitreiking;110;30-8-2016;4;Nee
Arjan van Dijk Groep;A. Veenstra;Extern - straat;Bloemenbuurt;Muzikaal (live);430;11-12-2018;2;Ja
Wentink Events;J. van Loon;Extern - publieke parkeerplaats;Langerak;Spreker;600;3-12-2019;3;Nee
Maison van den Boer Events;L. Kramer;Sportcomplex;Lombok-Oost;Uitreiking;630;8-11-2019;4;Nee
Mojo;L. de Jonge;Extern - straat;Lunetten-Noord;Muzikaal (versterkt, niet live);370;1-12-2018;4;Nee
PartyCompany;H. Smits;Stadspark;Lunetten-Noord;Workshops/braderie;150;22-6-2019;5;Nee
Mojo;Y. Scholten;Horeca - intern;Sterrenwijk;Muzikaal (niet versterkt);800;20-6-2019;2;Nee
Mojo;N. Bakker;Horeca - intern;Nieuw Hoograven;Muzikaal (live);760;29-6-2016;4;Ja
Amsterdam Events Company;G. Timmermans;Buurthuis;Sterrenwijk;Conferentie;820;3-9-2018;5;Nee
TicketMaster;D. van de Wal;Horeca - intern;Geuzenwijk;Conferentie;560;11-12-2015;4;Ja
Wentink Events;X. Wolters;Extern - publieke parkeerplaats;Oud Hoograven;Uitreiking;200;17-12-2016;1;Nee
Maison van den Boer Events;K. Evers;Plein;Pijlsweerd-Noord;Conferentie;560;26-2-2018;1;Nee
PartyCompany;B. Hofman;Extern - publieke parkeerplaats;Transwijk-Zuid;Uitreiking;230;26-3-2018;5;Ja
Maison van den Boer Events;X. Vink;Plein;Hogeweide;Spreker;330;2-2-2020;5;Nee
Mojo;G. van den Velde;Plein;Ondiep;Conferentie;630;10-11-2018;5;Ja
EventBrite;L. Verhoeven;Buurthuis;Geuzenwijk;Uitreiking;390;6-6-2020;1;Nee
Mojo;L. Vink;Plein;Ondiep;Spreker;560;29-12-2017;3;Nee
Mojo;Y. Kuipers;Extern - publieke parkeerplaats;Molenbuurt;Muzikaal (live);770;26-7-2015;1;Ja
Amsterdam Events Company;J. Brouwer;Extern - straat;Tuinwijk-West;Uitreiking;120;4-11-2017;3;Nee
Amsterdam Events Company;K. van de Brink;Extern - eigen terrein;Hogeweide;Uitreiking;30;16-4-2016;2;Nee
Arjan van Dijk Groep;B. de Boer;Extern - eigen terrein;Terwijde;Muzikaal (niet versterkt);510;9-3-2019;3;Ja
Mojo;L. van de Velde;Buurthuis;Tweede Daalsebuurt en omgeving;Workshops/braderie;110;29-9-2019;5;Nee
Arjan van Dijk Groep;D. van Beek;Stadspark;Kanaleneiland-Noord;Muzikaal (versterkt, niet live);440;19-7-2019;2;Nee
EventBrite;D. Janssen;Extern - eigen terrein;Zuilen-Noord;Beurs/expo;280;10-5-2017;4;Nee
Arjan van Dijk Groep;L. Post;Horeca - intern;Terwijde;Beurs/expo;40;26-12-2018;1;Nee
EventBrite;T. Vermeulen;Horeca - intern;Papendorp;Beurs/expo;530;12-1-2019;5;Nee
PartyCompany;L. de Jong;Plein;Ondiep;Muzikaal (versterkt, niet live);960;29-6-2015;2;Nee
Maison van den Boer Events;B. Blom;Plein;Staatsliedenbuurt;Spreker;440;16-6-2016;4;Nee
Arjan van Dijk Groep;V. Postma;Extern - straat;Tweede Daalsebuurt en omgeving;Spreker;10;30-3-2020;5;Nee
Mojo;L. Gerritsen;Extern - publieke parkeerplaats;Oud Hoograven;Spreker;880;14-10-2019;3;Ja
Amsterdam Events Company;Q. de Bruijn;Extern - eigen terrein;Schildersbuurt;Muzikaal (live);910;25-6-2017;2;Nee
Arjan van Dijk Groep;S. de Ruiter;Sportcomplex;Nieuw Hoograven;Uitreiking;500;7-3-2016;1;Nee
Arjan van Dijk Groep;U. Kuijpers;Stadspark;Pijlsweerd-Noord;Uitreiking;540;19-6-2017;3;Nee
Wentink Events;F. de Ruiter;Extern - eigen terrein;Lunetten-Noord;Beurs/expo;590;8-2-2018;1;Nee
Wentink Events;M. Willems;Extern - publieke parkeerplaats;Geuzenwijk;Conferentie;680;5-2-2015;1;Nee
EventBrite;A. Willems;Extern - eigen terrein;Kanaleneiland-Noord;Uitreiking;430;12-3-2016;3;Nee
Amsterdam Events Company;S. Koster;Extern - straat;Bedrijvengebied Overvecht;Beurs/expo;50;11-4-2015;4;Ja
Amsterdam Events Company;U. van de Berg;Sportcomplex;Hogeweide;Conferentie;760;29-1-2017;1;Ja
TicketMaster;R. Kok;Extern - eigen terrein;Vogelenbuurt;Muzikaal (versterkt, niet live);20;26-4-2017;5;Nee
Maison van den Boer Events;N. van Dam;Eventementenhal Smart City;Bloemenbuurt;Workshops/braderie;560;3-5-2018;2;Nee
Arjan van Dijk Groep;B. Gerritsen;Buurthuis;Staatsliedenbuurt;Workshops/braderie;780;24-4-2020;2;Nee
Maison van den Boer Events;D. Boer;Sportcomplex;Terwijde;Spreker;620;9-7-2018;1;Nee
PartyCompany;W. van den Velden;Buurthuis;Schildersbuurt;Workshops/braderie;100;2-1-2017;1;Nee
Maison van den Boer Events;Q. Bosch;Extern - straat;Zuilen-Noord;Beurs/expo;620;29-10-2016;4;Nee
Amsterdam Events Company;F. Sanders;Stadspark;Dichterswijk;Muzikaal (versterkt, niet live);1000;9-1-2017;5;Nee
Maison van den Boer Events;A. Huisman;Extern - straat;Langerak;Spreker;140;21-2-2018;1;Nee
TicketMaster;K. Meijer;Extern - eigen terrein;Tuindorp-Oost;Workshops/braderie;310;22-10-2017;3;Nee
Wentink Events;E. de Graaf;Stadspark;Oud Hoograven;Spreker;680;14-3-2015;3;Nee
EventBrite;S. Kuiper;Sportcomplex;Dichterswijk;Beurs/expo;100;20-9-2015;5;Ja
Amsterdam Events Company;N. de Ruiter;Extern - publieke parkeerplaats;Pijlsweerd-Zuid;Uitreiking;240;11-9-2017;1;Ja
Mojo;T. Peeters;Horeca - intern;Bedrijventerrein Lageweide;Workshops/braderie;930;14-6-2020;5;Ja
Amsterdam Events Company;D. Gerritsen;Extern - straat;Transwijk-Noord;Beurs/expo;270;28-7-2017;5;Nee
Mojo;L. Vink;Eventementenhal Smart City;Tuinwijk-West;Conferentie;300;24-6-2017;5;Nee
Mojo;L. de Bruin;Extern - straat;Lombok-Oost;Workshops/braderie;690;22-5-2016;5;Nee
Maison van den Boer Events;J. van Wijk;Extern - eigen terrein;Rivierenwijk;Workshops/braderie;240;18-9-2017;2;Nee
Amsterdam Events Company;Y. van Beek;Plein;Tuinwijk-West;Uitreiking;360;25-4-2017;4;Nee
Maison van den Boer Events;V. Evers;Extern - publieke parkeerplaats;Pijlsweerd-Noord;Conferentie;150;8-6-2019;4;Ja
TicketMaster;M. van de Brink;Horeca - intern;Transwijk-Noord;Muzikaal (live);820;17-2-2020;1;Nee
Mojo;A. van Beek;Sportcomplex;Schildersbuurt;Muzikaal (versterkt, niet live);990;7-8-2018;2;Ja
Amsterdam Events Company;D. van de Ven;Buurthuis;Lunetten-Noord;Muzikaal (niet versterkt);630;26-8-2015;4;Nee
TicketMaster;U. Bakker;Sportcomplex;Watervogelbuurt;Beurs/expo;790;6-9-2015;1;Nee
Amsterdam Events Company;F. van de Veen;Extern - straat;Terwijde;Uitreiking;250;5-12-2016;1;Nee
EventBrite;D. de Wit;Plein;Staatsliedenbuurt;Muzikaal (versterkt, niet live);990;27-11-2018;5;Nee
Maison van den Boer Events;X. Martens;Plein;Watervogelbuurt;Uitreiking;830;2-7-2018;5;Ja
PartyCompany;I. Scholten;Extern - straat;Terwijde;Muzikaal (niet versterkt);560;26-3-2017;5;Ja
PartyCompany;A. de Vos;Sportcomplex;Geuzenwijk;Beurs/expo;800;25-3-2018;3;Nee
PartyCompany;D. van der Laan;Plein;Pijlsweerd-Zuid;Spreker;920;2-11-2015;1;Nee
Wentink Events;N. Smeets;Extern - publieke parkeerplaats;Bedrijventerrein Lageweide;Uitreiking;150;3-12-2015;1;Nee
PartyCompany;H. Boer;Horeca - intern;Papendorp;Conferentie;810;17-10-2017;4;Nee
TicketMaster;S. Jacobs;Eventementenhal Smart City;Bloemenbuurt;Muzikaal (niet versterkt);320;18-5-2017;3;Nee
Mojo;L. Post;Extern - publieke parkeerplaats;Pijlsweerd-Zuid;Workshops/braderie;700;4-3-2020;4;Nee
Amsterdam Events Company;H. Schipper;Buurthuis;Buurtnaam;Uitreiking;770;31-3-2016;5;Nee
Mojo;G. van de Ven;Extern - publieke parkeerplaats;Pijlsweerd-Zuid;Muzikaal (live);360;4-7-2017;3;Nee
TicketMaster;A. Smits;Extern - publieke parkeerplaats;Transwijk-Zuid;Workshops/braderie;40;11-9-2015;2;Nee
Arjan van Dijk Groep;E. Evers;Stadspark;Tuinwijk-Oost;Muzikaal (niet versterkt);40;6-1-2018;1;Nee
PartyCompany;D. van den Pol;Horeca - intern;Watervogelbuurt;Uitreiking;320;22-2-2019;4;Nee
PartyCompany;S. Peters;Extern - publieke parkeerplaats;Lombok-West;Conferentie;110;4-11-2015;3;Ja
Maison van den Boer Events;W. Mulder;Stadspark;Geuzenwijk;Beurs/expo;990;14-3-2016;3;Nee
TicketMaster;E. van der Pol;Horeca - intern;Lunetten-Zuid;Workshops/braderie;640;1-4-2016;5;Nee
Wentink Events;Z. de Koning;Extern - eigen terrein;Tuinwijk-Oost;Muzikaal (niet versterkt);920;20-4-2018;4;Ja
Mojo;J. Timmermans;Buurthuis;Rivierenwijk;Muzikaal (niet versterkt);930;6-3-2017;4;Nee
Amsterdam Events Company;P. Kuiper;Eventementenhal Smart City;Ondiep;Spreker;740;7-5-2019;3;Nee
EventBrite;X. van der Velde;Plein;Bloemenbuurt;Muzikaal (live);280;1-4-2019;5;Nee
TicketMaster;G. de Leeuw;Eventementenhal Smart City;Terwijde;Muzikaal (niet versterkt);650;4-5-2018;2;Nee
Amsterdam Events Company;F. van der Meer;Stadspark;Strijkviertel;Spreker;970;11-7-2017;4;Nee
EventBrite;G. de Bruin;Eventementenhal Smart City;Schildersbuurt;Uitreiking;170;5-5-2016;4;Nee
Maison van den Boer Events;L. Postma;Extern - straat;Terwijde;Muzikaal (live);300;31-8-2018;3;Nee
EventBrite;R. Kok;Sportcomplex;Sterrenwijk;Muzikaal (niet versterkt);560;13-11-2017;3;Nee
Wentink Events;D. de Jong;Horeca - intern;Lombok-Oost;Muzikaal (niet versterkt);320;17-6-2016;1;Nee
Maison van den Boer Events;I. de Vos;Horeca - intern;Kanaleneiland-Zuid;Workshops/braderie;730;11-6-2015;3;Ja
Mojo;T. Kuipers;Stadspark;Pijlsweerd-Zuid;Uitreiking;750;3-5-2019;5;Nee
Maison van den Boer Events;I. van de Wal;Extern - publieke parkeerplaats;Staatsliedenbuurt;Muzikaal (live);120;30-9-2016;2;Ja
Amsterdam Events Company;A. Gerritsen;Plein;Pijlsweerd-Noord;Conferentie;0;19-7-2015;2;Nee
Amsterdam Events Company;E. Bos;Extern - straat;Tuinwijk-Oost;Spreker;360;12-11-2016;2;Nee
PartyCompany;W. Jacobs;Extern - straat;Kanaleneiland-Zuid;Spreker;650;28-7-2018;3;Nee
TicketMaster;M. Driessen;Eventementenhal Smart City;Staatsliedenbuurt;Muzikaal (versterkt, niet live);730;31-1-2015;3;Nee
Wentink Events;R. Visser;Extern - straat;Transwijk-Zuid;Spreker;210;22-11-2016;1;Nee
Amsterdam Events Company;T. de Graaf;Extern - straat;Lunetten-Zuid;Uitreiking;680;15-2-2016;5;Nee
PartyCompany;B. van Dam;Buurthuis;Transwijk-Noord;Workshops/braderie;380;5-6-2017;5;Nee
TicketMaster;P. van den Pol;Stadspark;Dichterswijk;Uitreiking;460;12-11-2019;5;Nee
EventBrite;E. Gerritsen;Stadspark;Molenbuurt;Workshops/braderie;1000;16-9-2019;2;Nee
Mojo;X. Dijkstra;Stadspark;Ondiep;Workshops/braderie;830;13-5-2019;4;Ja
Amsterdam Events Company;T. de Bruin;Buurthuis;Transwijk-Noord;Workshops/braderie;660;6-9-2015;5;Nee
Arjan van Dijk Groep;G. Hermans;Stadspark;Buurtnaam;Muzikaal (versterkt, niet live);380;4-1-2015;4;Nee
EventBrite;Y. Gerritsen;Eventementenhal Smart City;Tuinwijk-West;Conferentie;110;22-1-2017;3;Nee
PartyCompany;H. Molenaar;Extern - eigen terrein;Tweede Daalsebuurt en omgeving;Workshops/braderie;870;20-11-2016;3;Nee
EventBrite;H. Molenaar;Extern - straat;Transwijk-Zuid;Conferentie;700;9-9-2018;2;Nee
Maison van den Boer Events;O. Veenstra;Sportcomplex;Hogeweide;Muzikaal (versterkt, niet live);680;21-8-2015;5;Nee
Wentink Events;L. de Bruyn;Sportcomplex;Langerak;Muzikaal (live);430;31-8-2016;5;Nee
Mojo;Z. Vink;Extern - straat;Tuinwijk-Oost;Spreker;80;1-2-2018;1;Ja
PartyCompany;S. van Dijk;Sportcomplex;Oud Hoograven;Workshops/braderie;980;11-1-2015;5;Nee
Wentink Events;A. Dekker;Plein;Lombok-Oost;Conferentie;1000;7-4-2018;4;Nee
PartyCompany;D. Meijer;Extern - eigen terrein;Bloemenbuurt;Uitreiking;230;7-1-2019;5;Nee
TicketMaster;A. van der Linden;Extern - publieke parkeerplaats;Vogelenbuurt;Muzikaal (niet versterkt);310;6-8-2015;3;Nee
PartyCompany;W. Hermans;Stadspark;Ondiep;Muzikaal (niet versterkt);110;24-3-2015;2;Ja
EventBrite;H. van den Brink;Buurthuis;Lombok-West;Muzikaal (versterkt, niet live);540;10-7-2018;5;Nee
Amsterdam Events Company;Z. Jonker;Horeca - intern;Pijlsweerd-Noord;Uitreiking;650;14-4-2016;2;Nee
Amsterdam Events Company;Y. Kramer;Buurthuis;Dichterswijk;Beurs/expo;580;16-9-2019;3;Nee
Maison van den Boer Events;C. van de Veen;Buurthuis;Lunetten-Zuid;Workshops/braderie;90;18-4-2016;2;Nee
Maison van den Boer Events;Y. Koning;Plein;Bokkenbuurt;Muzikaal (versterkt, niet live);80;1-1-2018;5;Nee
PartyCompany;P. Hoekstra;Horeca - intern;Tuindorp-Oost;Muzikaal (live);940;8-1-2017;2;Nee
Arjan van Dijk Groep;T. van den Pol;Extern - eigen terrein;Schildersbuurt;Muzikaal (live);380;31-10-2019;4;Nee
TicketMaster;I. van de Velden;Sportcomplex;Lunetten-Noord;Muzikaal (live);510;4-12-2019;2;Nee
PartyCompany;V. Bosch;Plein;Terwijde;Beurs/expo;390;11-8-2019;5;Nee
EventBrite;O. de Graaf;Stadspark;Transwijk-Zuid;Muzikaal (live);890;6-11-2018;5;Nee
Amsterdam Events Company;H. de Jonge;Sportcomplex;Bloemenbuurt;Muzikaal (live);440;20-9-2019;5;Nee
TicketMaster;E. Kuijpers;Sportcomplex;Dichterswijk;Muzikaal (live);920;8-1-2016;2;Ja
Wentink Events;O. de Ruiter;Extern - straat;Lunetten-Zuid;Beurs/expo;950;26-1-2016;4;Nee
Arjan van Dijk Groep;K. Willemsen;Extern - straat;Watervogelbuurt;Uitreiking;220;8-10-2017;4;Nee
Mojo;G. Scholten;Stadspark;Ondiep;Muzikaal (live);90;25-3-2016;3;Nee
Arjan van Dijk Groep;J. van de Velden;Sportcomplex;Nieuw Hoograven;Workshops/braderie;370;4-1-2017;4;Nee
PartyCompany;O. de Ruiter;Extern - publieke parkeerplaats;Nieuw Hoograven;Muzikaal (live);720;29-9-2015;4;Nee
Maison van den Boer Events;C. van der Meer;Buurthuis;Buurtnaam;Conferentie;550;6-5-2015;1;Nee
Maison van den Boer Events;M. van den Pol;Eventementenhal Smart City;Hogeweide;Conferentie;740;20-5-2018;2;Nee
Amsterdam Events Company;K. van den Velden;Sportcomplex;Oud Hoograven;Spreker;530;19-4-2019;3;Ja
Arjan van Dijk Groep;H. Smeets;Extern - straat;Lombok-Oost;Muzikaal (versterkt, niet live);880;12-11-2018;3;Nee
TicketMaster;A. Bosman;Extern - eigen terrein;Lombok-Oost;Muzikaal (versterkt, niet live);320;4-2-2018;3;Nee
Wentink Events;D. van Dam;Eventementenhal Smart City;Strijkviertel;Muzikaal (versterkt, niet live);470;3-6-2016;3;Nee
Amsterdam Events Company;E. Meyer;Plein;Tuinwijk-West;Conferentie;90;31-1-2015;2;Nee
Mojo;G. Smeets;Sportcomplex;Kanaleneiland-Zuid;Spreker;710;17-9-2018;1;Nee
TicketMaster;X. Kuiper;Eventementenhal Smart City;Tweede Daalsebuurt en omgeving;Muzikaal (niet versterkt);590;28-8-2018;4;Nee
Amsterdam Events Company;I. de Lange;Sportcomplex;Bloemenbuurt;Spreker;370;2-2-2016;4;Nee
PartyCompany;A. Schouten;Extern - eigen terrein;Tuinwijk-West;Muzikaal (niet versterkt);980;22-12-2016;2;Ja
PartyCompany;M. Kok;Horeca - intern;Bloemenbuurt;Spreker;680;24-6-2019;1;Nee
Mojo;I. Verhoeven;Plein;Bloemenbuurt;Workshops/braderie;1000;26-3-2017;1;Nee
Mojo;U. van Vliet;Sportcomplex;Lombok-Oost;Beurs/expo;180;22-10-2017;2;Ja
TicketMaster;S. van de Velde;Extern - straat;Bedrijvengebied Overvecht;Muzikaal (niet versterkt);630;28-3-2017;3;Nee
Mojo;C. van der Linden;Sportcomplex;Molenbuurt;Muzikaal (niet versterkt);540;26-12-2015;2;Nee
Wentink Events;S. Molenaar;Extern - publieke parkeerplaats;Bedrijventerrein Lageweide;Beurs/expo;30;19-1-2019;5;Nee
Mojo;P. Hoekstra;Sportcomplex;Sterrenwijk;Spreker;290;10-1-2017;2;Nee
Maison van den Boer Events;V. de Bruijn;Plein;Lombok-Oost;Spreker;880;28-5-2016;3;Nee
TicketMaster;J. Peters;Stadspark;Transwijk-Zuid;Spreker;970;5-2-2017;5;Ja
Amsterdam Events Company;X. de Ruiter;Extern - publieke parkeerplaats;Kanaleneiland-Noord;Muzikaal (live);470;30-7-2015;5;Nee
Arjan van Dijk Groep;J. Prins;Extern - publieke parkeerplaats;Watervogelbuurt;Muzikaal (niet versterkt);80;24-3-2015;3;Nee
PartyCompany;L. van der Veen;Extern - publieke parkeerplaats;Molenbuurt;Conferentie;440;5-2-2015;5;Nee
Maison van den Boer Events;B. Scholten;Plein;Oudwijk;Spreker;510;3-4-2017;4;Nee
TicketMaster;K. van der Laan;Plein;Dichterswijk;Workshops/braderie;230;29-9-2015;4;Nee
EventBrite;J. Bos;Sportcomplex;Terwijde;Muzikaal (versterkt, niet live);500;16-7-2015;3;Ja
Mojo;A. Verhoeven;Stadspark;Lunetten-Zuid;Spreker;430;10-2-2016;5;Nee
Mojo;F. de Wit;Plein;Rivierenwijk;Uitreiking;490;2-2-2016;3;Nee
Wentink Events;Q. van der Veen;Eventementenhal Smart City;Tuindorp-Oost;Muzikaal (niet versterkt);520;28-6-2017;2;Nee
Wentink Events;R. Groen;Eventementenhal Smart City;Staatsliedenbuurt;Muzikaal (versterkt, niet live);490;9-9-2019;3;Nee
PartyCompany;E. de Jong;Buurthuis;Zuilen-Noord;Beurs/expo;790;5-10-2018;3;Nee
TicketMaster;K. van der Heyden;Extern - straat;Watervogelbuurt;Beurs/expo;460;2-4-2017;5;Nee
EventBrite;U. Koning;Extern - publieke parkeerplaats;Kanaleneiland-Noord;Muzikaal (versterkt, niet live);130;1-4-2018;4;Ja
PartyCompany;W. Postma;Extern - publieke parkeerplaats;Ondiep;Beurs/expo;940;26-8-2018;3;Nee
PartyCompany;G. Driessen;Plein;Hogeweide;Muzikaal (versterkt, niet live);480;28-9-2019;2;Nee
Wentink Events;I. van der Veen;Eventementenhal Smart City;Sterrenwijk;Uitreiking;290;3-3-2020;3;Ja
Wentink Events;Z. Timmermans;Plein;Papendorp;Muzikaal (niet versterkt);450;7-7-2019;2;Nee
EventBrite;D. Mulder;Extern - straat;Tweede Daalsebuurt en omgeving;Muzikaal (live);330;2-6-2019;5;Nee
Amsterdam Events Company;B. Martens;Extern - eigen terrein;Bedrijventerrein Lageweide;Muzikaal (niet versterkt);630;24-7-2016;3;Nee
EventBrite;R. de Bruyn;Plein;Tweede Daalsebuurt en omgeving;Workshops/braderie;290;16-4-2017;5;Nee
TicketMaster;M. van der Velde;Stadspark;Rivierenwijk;Workshops/braderie;400;9-7-2015;1;Nee
Arjan van Dijk Groep;V. Koning;Buurthuis;Molenbuurt;Muzikaal (niet versterkt);520;24-10-2017;4;Nee
Arjan van Dijk Groep;V. van der Berg;Eventementenhal Smart City;Tuindorp-Oost;Muzikaal (live);710;19-4-2015;5;Nee
Wentink Events;C. Willemsen;Extern - straat;Bloemenbuurt;Workshops/braderie;430;12-1-2017;5;Nee
Mojo;D. Bosch;Extern - straat;Bloemenbuurt;Conferentie;990;9-11-2018;1;Ja
Wentink Events;T. Kuipers;Plein;Terwijde;Workshops/braderie;750;18-11-2015;5;Ja
Maison van den Boer Events;P. Kuypers;Horeca - intern;Rivierenwijk;Workshops/braderie;310;24-6-2016;1;Nee
Mojo;N. Gerritsen;Plein;Rivierenwijk;Beurs/expo;740;27-2-2020;2;Nee
TicketMaster;M. Meyer;Extern - straat;Vogelenbuurt;Muzikaal (live);530;12-1-2020;1;Nee
Maison van den Boer Events;W. van de Meer;Plein;Molenbuurt;Workshops/braderie;350;13-1-2015;4;Ja
TicketMaster;W. Bakker;Sportcomplex;Pijlsweerd-Zuid;Muzikaal (versterkt, niet live);470;16-11-2016;3;Nee
Mojo;A. van den Velde;Horeca - intern;Transwijk-Zuid;Muzikaal (live);570;6-6-2015;5;Nee
Amsterdam Events Company;S. van Dam;Extern - straat;Geuzenwijk;Spreker;370;27-3-2017;5;Ja
TicketMaster;U. Wolters;Buurthuis;Zuilen-Noord;Spreker;860;25-5-2020;3;Nee
Mojo;G. Hofman;Plein;Tuinwijk-West;Muzikaal (niet versterkt);650;18-7-2017;3;Nee
TicketMaster;S. van de Meer;Extern - eigen terrein;Tuindorp-Oost;Spreker;300;3-3-2015;1;Nee
PartyCompany;M. Scholten;Plein;Terwijde;Muzikaal (niet versterkt);170;6-10-2019;2;Nee
Mojo;W. Boer;Extern - publieke parkeerplaats;Lunetten-Noord;Conferentie;780;8-10-2017;1;Nee
EventBrite;W. van Beek;Extern - publieke parkeerplaats;Lombok-West;Conferentie;330;15-8-2017;1;Nee
PartyCompany;O. Maas;Extern - straat;Bloemenbuurt;Uitreiking;990;13-3-2017;1;Nee
TicketMaster;R. Bakker;Extern - publieke parkeerplaats;Geuzenwijk;Conferentie;910;16-1-2020;1;Nee
TicketMaster;D. van der Ven;Eventementenhal Smart City;Bloemenbuurt;Spreker;90;2-9-2019;3;Nee
EventBrite;E. Mol;Eventementenhal Smart City;Bloemenbuurt;Muzikaal (versterkt, niet live);570;15-11-2019;4;Ja
Mojo;R. de Jong;Stadspark;Watervogelbuurt;Muzikaal (live);50;13-8-2018;2;Nee
TicketMaster;N. Jacobs;Extern - publieke parkeerplaats;Langerak;Beurs/expo;210;30-10-2016;3;Ja
Maison van den Boer Events;U. Brouwer;Sportcomplex;Molenbuurt;Workshops/braderie;790;1-3-2017;3;Nee
TicketMaster;T. Smits;Extern - straat;Lombok-Oost;Muzikaal (live);840;19-3-2020;5;Nee
Arjan van Dijk Groep;X. van der Linden;Horeca - intern;Tuinwijk-Oost;Spreker;710;9-3-2016;2;Nee
Amsterdam Events Company;O. van de Ven;Extern - publieke parkeerplaats;Bloemenbuurt;Muzikaal (live);910;1-4-2020;1;Nee
Mojo;L. Martens;Stadspark;Dichterswijk;Conferentie;180;7-11-2015;2;Nee
EventBrite;B. de Graaf;Eventementenhal Smart City;Zuilen-Noord;Spreker;730;20-1-2015;4;Nee
EventBrite;J. Vermeulen;Stadspark;Bloemenbuurt;Muzikaal (live);320;9-9-2016;5;Nee
Mojo;H. Visser;Eventementenhal Smart City;Bedrijvengebied Overvecht;Uitreiking;450;30-3-2019;2;Nee
TicketMaster;H. Koster;Horeca - intern;Lombok-Oost;Workshops/braderie;110;8-12-2016;1;Nee
EventBrite;B. van Doorn;Horeca - intern;Sterrenwijk;Conferentie;380;13-2-2017;5;Nee
EventBrite;V. van der Velden;Plein;Pijlsweerd-Noord;Beurs/expo;310;29-3-2015;3;Nee
Maison van den Boer Events;C. Bakker;Eventementenhal Smart City;Transwijk-Zuid;Muzikaal (live);320;18-1-2018;2;Nee
EventBrite;F. Willemsen;Extern - publieke parkeerplaats;Strijkviertel;Workshops/braderie;500;9-1-2016;2;Ja
PartyCompany;Z. Koster;Plein;Lunetten-Noord;Workshops/braderie;850;29-10-2017;2;Nee
Amsterdam Events Company;B. Mol;Buurthuis;Tweede Daalsebuurt en omgeving;Conferentie;860;13-11-2019;3;Nee
EventBrite;J. van der Meer;Stadspark;Langerak;Uitreiking;820;26-2-2015;4;Nee
Arjan van Dijk Groep;E. Scholten;Extern - eigen terrein;Pijlsweerd-Zuid;Workshops/braderie;930;20-4-2020;1;Nee
Arjan van Dijk Groep;N. de Boer;Extern - publieke parkeerplaats;Nieuw Hoograven;Muzikaal (niet versterkt);530;31-8-2017;4;Nee
EventBrite;D. Maas;Sportcomplex;Lombok-Oost;Workshops/braderie;370;6-1-2015;3;Nee
Wentink Events;G. van den Pol;Buurthuis;Molenbuurt;Muzikaal (versterkt, niet live);120;20-11-2019;5;Nee
PartyCompany;R. Hofman;Extern - straat;Molenbuurt;Spreker;60;27-9-2015;3;Nee
Maison van den Boer Events;B. van de Velden;Sportcomplex;Hogeweide;Uitreiking;620;30-4-2015;3;Nee
TicketMaster;Y. Peeters;Extern - straat;Kanaleneiland-Noord;Conferentie;100;15-9-2015;4;Nee
Maison van den Boer Events;A. van der Horst;Extern - publieke parkeerplaats;Sterrenwijk;Uitreiking;180;22-9-2018;1;Nee
PartyCompany;D. Martens;Plein;Kanaleneiland-Zuid;Spreker;540;20-10-2018;4;Nee
Arjan van Dijk Groep;N. van der Wal;Sportcomplex;Bedrijventerrein Lageweide;Muzikaal (live);460;25-4-2016;4;Ja
Mojo;K. de Bruijn;Extern - publieke parkeerplaats;Tuinwijk-Oost;Spreker;940;2-11-2017;4;Nee
EventBrite;N. Hoekstra;Extern - publieke parkeerplaats;Kanaleneiland-Zuid;Spreker;320;20-10-2016;3;Nee
EventBrite;D. van Doorn;Buurthuis;Tweede Daalsebuurt en omgeving;Beurs/expo;670;6-12-2018;3;Nee
Mojo;D. Kuypers;Plein;Kanaleneiland-Zuid;Beurs/expo;740;23-8-2018;5;Nee
Amsterdam Events Company;O. Bakker;Eventementenhal Smart City;Pijlsweerd-Zuid;Uitreiking;100;25-10-2019;4;Nee
TicketMaster;T. van der Wal;Eventementenhal Smart City;Oudwijk;Muzikaal (niet versterkt);670;5-8-2019;1;Nee
Maison van den Boer Events;H. Smits;Extern - publieke parkeerplaats;Transwijk-Noord;Uitreiking;270;28-4-2016;1;Ja
Mojo;Z. Vink;Buurthuis;Hogeweide;Muzikaal (niet versterkt);980;19-12-2019;4;Nee
Amsterdam Events Company;G. Willemsen;Eventementenhal Smart City;Lunetten-Zuid;Spreker;930;9-6-2017;2;Nee
Wentink Events;X. van Vliet;Plein;Bokkenbuurt;Workshops/braderie;580;29-4-2017;4;Nee
Amsterdam Events Company;V. van de Velden;Stadspark;Strijkviertel;Beurs/expo;400;2-11-2019;2;Nee
Amsterdam Events Company;B. Hoekstra;Extern - eigen terrein;Tuinwijk-Oost;Uitreiking;130;1-1-2020;5;Nee
TicketMaster;Q. Timmermans;Horeca - intern;Ondiep;Workshops/braderie;30;29-9-2017;3;Nee
Wentink Events;F. de Haan;Stadspark;Tuinwijk-Oost;Beurs/expo;90;16-10-2015;1;Nee
EventBrite;A. van den Velden;Buurthuis;Papendorp;Muzikaal (versterkt, niet live);780;28-6-2019;1;Nee
TicketMaster;I. van Doorn;Eventementenhal Smart City;Bedrijvengebied Overvecht;Conferentie;60;3-6-2017;4;Nee
Mojo;D. van den Bosch;Extern - eigen terrein;Kanaleneiland-Zuid;Uitreiking;500;13-2-2018;3;Nee
Amsterdam Events Company;W. de Boer;Buurthuis;Bloemenbuurt;Muzikaal (live);810;19-4-2017;5;Nee
Maison van den Boer Events;A. de Vos;Extern - publieke parkeerplaats;Molenbuurt;Muzikaal (versterkt, niet live);200;19-2-2017;5;Nee
EventBrite;O. van der Ven;Stadspark;Papendorp;Muzikaal (niet versterkt);920;14-12-2017;1;Nee
Mojo;N. van de Velde;Plein;Buurtnaam;Muzikaal (versterkt, niet live);960;28-3-2015;4;Nee
Mojo;E. van den Pol;Extern - straat;Kanaleneiland-Noord;Workshops/braderie;700;2-3-2016;3;Nee
Maison van den Boer Events;T. Smit;Extern - straat;Staatsliedenbuurt;Muzikaal (niet versterkt);580;8-11-2018;4;Nee
Amsterdam Events Company;K. van Wijk;Extern - straat;Tuinwijk-West;Conferentie;660;15-7-2017;4;Nee
Arjan van Dijk Groep;T. van der Meer;Horeca - intern;Nieuw Hoograven;Muzikaal (versterkt, niet live);950;4-6-2020;1;Nee
Arjan van Dijk Groep;Y. Maas;Extern - straat;Rivierenwijk;Muzikaal (versterkt, niet live);100;9-7-2019;5;Ja
Wentink Events;V. van de Wal;Extern - straat;Tuinwijk-West;Muzikaal (live);520;19-6-2017;1;Nee
Arjan van Dijk Groep;O. van de Meer;Horeca - intern;Kanaleneiland-Noord;Beurs/expo;470;6-5-2019;2;Nee
Mojo;N. de Groot;Stadspark;Pijlsweerd-Zuid;Muzikaal (versterkt, niet live);130;18-5-2019;2;Ja
Maison van den Boer Events;U. van Leeuwen;Stadspark;Lunetten-Zuid;Uitreiking;550;16-2-2020;2;Nee
EventBrite;K. Hendriks;Plein;Lombok-West;Beurs/expo;870;25-9-2017;4;Nee
Mojo;Z. van der Velden;Sportcomplex;Pijlsweerd-Noord;Spreker;630;16-3-2020;1;Nee
Maison van den Boer Events;X. van der Horst;Eventementenhal Smart City;Zuilen-Noord;Workshops/braderie;390;24-4-2016;2;Nee
Arjan van Dijk Groep;Q. Mulder;Extern - straat;Rivierenwijk;Muzikaal (niet versterkt);870;22-12-2016;3;Ja
EventBrite;F. van der Meer;Extern - publieke parkeerplaats;Kanaleneiland-Zuid;Conferentie;480;28-9-2019;2;Nee
Mojo;D. Prins;Extern - straat;Bedrijvengebied Overvecht;Uitreiking;740;30-3-2015;5;Nee
Wentink Events;X. van Doorn;Horeca - intern;Oudwijk;Beurs/expo;350;20-2-2018;2;Nee
Wentink Events;O. Evers;Extern - eigen terrein;Kanaleneiland-Zuid;Conferentie;840;2-10-2015;3;Nee
PartyCompany;F. Hendriks;Horeca - intern;Kanaleneiland-Noord;Uitreiking;620;5-6-2018;1;Nee
Arjan van Dijk Groep;J. Vos;Stadspark;Strijkviertel;Uitreiking;580;3-8-2016;5;Nee
Maison van den Boer Events;U. van der Pol;Extern - straat;Dichterswijk;Muzikaal (live);490;28-4-2017;4;Nee
Maison van den Boer Events;H. van Wijk;Horeca - intern;Bloemenbuurt;Beurs/expo;480;27-9-2019;4;Ja
Amsterdam Events Company;A. Hendriks;Extern - straat;Tuinwijk-Oost;Muzikaal (versterkt, niet live);0;25-12-2017;4;Nee
Wentink Events;P. Vermeulen;Extern - eigen terrein;Hogeweide;Uitreiking;700;12-7-2015;5;Nee
TicketMaster;W. van den Velden;Plein;Zuilen-Noord;Workshops/braderie;900;26-5-2018;1;Nee
Mojo;B. van de Veen;Horeca - intern;Bloemenbuurt;Uitreiking;350;6-2-2017;5;Nee
Mojo;X. van de Veen;Plein;Bedrijvengebied Overvecht;Muzikaal (live);630;2-10-2018;3;Ja
Mojo;A. Postma;Extern - straat;Tuindorp-Oost;Uitreiking;120;6-6-2017;1;Nee
TicketMaster;W. de Leeuw;Eventementenhal Smart City;Sterrenwijk;Beurs/expo;360;25-12-2019;2;Nee
Maison van den Boer Events;V. de Ruiter;Buurthuis;Kanaleneiland-Noord;Conferentie;230;12-1-2020;4;Nee
Amsterdam Events Company;X. van Veen;Plein;Lunetten-Noord;Workshops/braderie;310;23-1-2017;1;Nee
Arjan van Dijk Groep;V. Mulder;Stadspark;Lunetten-Noord;Spreker;860;19-6-2015;2;Nee
Arjan van Dijk Groep;K. Bosch;Eventementenhal Smart City;Staatsliedenbuurt;Workshops/braderie;680;22-8-2016;2;Nee
EventBrite;S. van Beek;Extern - publieke parkeerplaats;Transwijk-Noord;Workshops/braderie;450;11-12-2016;2;Nee
Arjan van Dijk Groep;U. van den Berg;Plein;Lunetten-Zuid;Muzikaal (niet versterkt);830;5-12-2019;2;Nee
Wentink Events;V. Groen;Extern - eigen terrein;Lombok-Oost;Spreker;360;29-7-2015;3;Nee
TicketMaster;X. Hofman;Buurthuis;Rivierenwijk;Muzikaal (versterkt, niet live);80;27-6-2017;1;Ja
EventBrite;F. de Jong;Sportcomplex;Tuinwijk-West;Uitreiking;80;30-1-2019;2;Nee
TicketMaster;D. van de Veen;Extern - publieke parkeerplaats;Tweede Daalsebuurt en omgeving;Muzikaal (live);860;28-5-2017;5;Nee
Wentink Events;T. van Loon;Extern - eigen terrein;Tweede Daalsebuurt en omgeving;Muzikaal (niet versterkt);710;12-12-2018;2;Nee
Wentink Events;K. van de Wal;Extern - eigen terrein;Staatsliedenbuurt;Muzikaal (versterkt, niet live);980;7-3-2019;1;Nee
Maison van den Boer Events;U. van der Meer;Eventementenhal Smart City;Langerak;Spreker;820;16-3-2018;2;Ja
Arjan van Dijk Groep;S. Hendriks;Plein;Sterrenwijk;Spreker;980;16-4-2015;5;Nee
Maison van den Boer Events;X. van der Meer;Eventementenhal Smart City;Hogeweide;Workshops/braderie;990;22-10-2016;2;Nee
Wentink Events;Y. van Dijk;Horeca - intern;Vogelenbuurt;Conferentie;710;2-5-2016;4;Nee
Maison van den Boer Events;T. Blom;Extern - straat;Bokkenbuurt;Beurs/expo;240;2-5-2018;5;Ja
Amsterdam Events Company;R. de Vos;Plein;Geuzenwijk;Muzikaal (niet versterkt);780;13-7-2018;2;Nee
Mojo;N. Kok;Eventementenhal Smart City;Staatsliedenbuurt;Beurs/expo;520;4-9-2018;3;Nee
TicketMaster;U. Vos;Extern - publieke parkeerplaats;Sterrenwijk;Muzikaal (live);70;12-4-2015;5;Nee
Amsterdam Events Company;M. Schipper;Plein;Buurtnaam;Uitreiking;520;1-1-2019;5;Ja
Amsterdam Events Company;G. de Boer;Plein;Hogeweide;Muzikaal (versterkt, niet live);650;5-7-2015;4;Ja
Mojo;E. de Bruyn;Extern - publieke parkeerplaats;Langerak;Muzikaal (niet versterkt);650;27-12-2015;5;Nee
PartyCompany;N. de Jong;Extern - publieke parkeerplaats;Sterrenwijk;Conferentie;180;8-9-2018;4;Nee
EventBrite;I. Prins;Stadspark;Nieuw Hoograven;Spreker;260;1-11-2019;3;Nee
PartyCompany;V. Jacobs;Buurthuis;Schildersbuurt;Beurs/expo;840;14-6-2015;5;Nee
Mojo;I. Hofman;Sportcomplex;Bloemenbuurt;Uitreiking;280;23-8-2017;1;Nee
Amsterdam Events Company;G. Bakker;Horeca - intern;Nieuw Hoograven;Uitreiking;0;26-2-2020;4;Nee
Maison van den Boer Events;N. van Veen;Extern - straat;Bedrijventerrein Lageweide;Muzikaal (live);50;2-5-2020;4;Nee
PartyCompany;Y. de Ruiter;Eventementenhal Smart City;Tuindorp-Oost;Spreker;920;24-6-2015;3;Nee
Maison van den Boer Events;J. van Loon;Sportcomplex;Lombok-Oost;Conferentie;560;1-9-2018;2;Nee
Arjan van Dijk Groep;C. van der Meer;Eventementenhal Smart City;Tuinwijk-West;Muzikaal (niet versterkt);120;15-6-2016;2;Ja
Arjan van Dijk Groep;F. Bosch;Extern - publieke parkeerplaats;Bloemenbuurt;Conferentie;340;9-3-2019;1;Ja
TicketMaster;R. Jonker;Stadspark;Sterrenwijk;Beurs/expo;570;30-12-2019;5;Nee
Wentink Events;Y. de Jonge;Extern - publieke parkeerplaats;Ondiep;Conferentie;850;18-6-2017;2;Nee
Amsterdam Events Company;V. de Vries;Sportcomplex;Tuinwijk-West;Spreker;310;2-1-2020;5;Nee
Wentink Events;D. van Vliet;Eventementenhal Smart City;Bokkenbuurt;Spreker;980;13-1-2015;1;Nee
PartyCompany;N. Dijkstra;Eventementenhal Smart City;Terwijde;Uitreiking;620;29-12-2019;4;Ja
PartyCompany;C. van der Heyden;Sportcomplex;Oud Hoograven;Muzikaal (niet versterkt);340;29-7-2016;3;Nee
TicketMaster;Y. van Leeuwen;Horeca - intern;Molenbuurt;Beurs/expo;80;24-2-2016;5;Nee
EventBrite;F. van de Velden;Horeca - intern;Lunetten-Noord;Beurs/expo;620;10-9-2016;1;Nee
PartyCompany;O. van der Velde;Extern - publieke parkeerplaats;Lunetten-Noord;Uitreiking;520;23-1-2017;4;Nee
PartyCompany;C. van den Heuvel;Eventementenhal Smart City;Kanaleneiland-Noord;Workshops/braderie;880;14-3-2018;4;Nee
EventBrite;P. de Leeuw;Sportcomplex;Bedrijvengebied Overvecht;Spreker;920;5-10-2017;2;Ja
EventBrite;X. Vermeulen;Plein;Tuindorp-Oost;Muzikaal (versterkt, niet live);170;17-10-2017;2;Nee
Wentink Events;S. van Dam;Extern - eigen terrein;Kanaleneiland-Noord;Spreker;440;16-5-2020;2;Nee
TicketMaster;U. Molenaar;Extern - straat;Terwijde;Workshops/braderie;520;9-3-2019;2;Nee
Wentink Events;C. Peeters;Stadspark;Bokkenbuurt;Muzikaal (niet versterkt);350;28-12-2018;5;Nee
TicketMaster;N. van den Broek;Buurthuis;Tuinwijk-Oost;Beurs/expo;490;20-3-2015;4;Ja
TicketMaster;U. van der Wal;Extern - publieke parkeerplaats;Transwijk-Zuid;Spreker;170;2-8-2019;1;Nee
Arjan van Dijk Groep;D. van Dongen;Horeca - intern;Molenbuurt;Workshops/braderie;540;20-8-2015;1;Nee
Wentink Events;S. van Vliet;Stadspark;Nieuw Hoograven;Spreker;390;3-1-2017;3;Nee
Arjan van Dijk Groep;D. van der Berg;Horeca - intern;Oudwijk;Beurs/expo;580;9-9-2015;2;Nee
Amsterdam Events Company;A. Prins;Extern - publieke parkeerplaats;Lunetten-Zuid;Muzikaal (versterkt, niet live);100;5-3-2018;2;Nee
Amsterdam Events Company;N. van Loon;Buurthuis;Bedrijvengebied Overvecht;Uitreiking;450;12-1-2017;2;Ja
Arjan van Dijk Groep;T. Schouten;Horeca - intern;Transwijk-Noord;Muzikaal (live);20;29-11-2017;3;Nee
Arjan van Dijk Groep;B. Smit;Extern - straat;Sterrenwijk;Conferentie;270;12-5-2019;2;Nee
Amsterdam Events Company;K. Hoekstra;Stadspark;Transwijk-Noord;Uitreiking;150;10-6-2016;5;Nee
Amsterdam Events Company;N. van Dongen;Eventementenhal Smart City;Kanaleneiland-Zuid;Muzikaal (live);420;4-10-2019;2;Ja
TicketMaster;B. Mulder;Horeca - intern;Kanaleneiland-Noord;Conferentie;240;17-1-2018;4;Nee
Mojo;V. van den Pol;Buurthuis;Hogeweide;Conferentie;410;28-9-2016;3;Ja
TicketMaster;O. Wolters;Extern - straat;Kanaleneiland-Zuid;Muzikaal (versterkt, niet live);570;14-2-2016;5;Nee
Mojo;Z. van Vliet;Extern - eigen terrein;Sterrenwijk;Muzikaal (versterkt, niet live);390;16-2-2019;5;Ja
Maison van den Boer Events;K. Koster;Stadspark;Transwijk-Zuid;Muzikaal (live);940;29-11-2018;3;Ja
Maison van den Boer Events;X. de Haan;Eventementenhal Smart City;Hogeweide;Spreker;370;4-2-2020;3;Nee
Maison van den Boer Events;G. Jacobs;Plein;Bloemenbuurt;Conferentie;230;22-9-2015;5;Ja
TicketMaster;X. Kuiper;Extern - eigen terrein;Zuilen-Noord;Muzikaal (versterkt, niet live);760;19-11-2015;1;Nee
TicketMaster;D. Jacobs;Plein;Sterrenwijk;Conferentie;540;12-10-2015;1;Nee
Wentink Events;G. Molenaar;Eventementenhal Smart City;Sterrenwijk;Muzikaal (versterkt, niet live);670;17-3-2018;5;Nee
Arjan van Dijk Groep;F. Dekker;Extern - eigen terrein;Kanaleneiland-Noord;Muzikaal (live);370;28-4-2020;5;Ja
EventBrite;Y. van der Veen;Stadspark;Transwijk-Noord;Muzikaal (live);420;18-1-2015;4;Nee
Maison van den Boer Events;V. Timmermans;Extern - eigen terrein;Buurtnaam;Muzikaal (niet versterkt);740;30-1-2019;3;Nee
Amsterdam Events Company;P. Postma;Horeca - intern;Transwijk-Noord;Muzikaal (versterkt, niet live);790;17-1-2019;4;Nee
Wentink Events;D. Kramer;Eventementenhal Smart City;Watervogelbuurt;Muzikaal (niet versterkt);110;27-1-2019;4;Nee
Amsterdam Events Company;H. Sanders;Extern - publieke parkeerplaats;Oudwijk;Workshops/braderie;940;18-6-2015;2;Nee
Wentink Events;W. Vink;Horeca - intern;Lombok-West;Muzikaal (niet versterkt);500;26-1-2017;3;Nee
Arjan van Dijk Groep;I. de Vries;Sportcomplex;Tuinwijk-West;Uitreiking;400;2-1-2019;5;Nee
Mojo;K. van de Meer;Sportcomplex;Kanaleneiland-Zuid;Muzikaal (live);320;16-4-2018;5;Nee
PartyCompany;O. van de Wal;Extern - straat;Bedrijventerrein Lageweide;Workshops/braderie;670;23-6-2016;4;Nee
EventBrite;U. van Vliet;Extern - publieke parkeerplaats;Bedrijvengebied Overvecht;Beurs/expo;790;30-8-2019;3;Nee
Mojo;D. Kuijpers;Eventementenhal Smart City;Oudwijk;Muzikaal (versterkt, niet live);360;17-3-2019;1;Nee
TicketMaster;Y. de Haan;Buurthuis;Tuinwijk-Oost;Beurs/expo;550;12-11-2015;3;Nee
TicketMaster;Z. Timmermans;Extern - eigen terrein;Papendorp;Workshops/braderie;500;15-2-2015;5;Nee
Arjan van Dijk Groep;X. van de Velde;Plein;Dichterswijk;Beurs/expo;900;7-6-2018;5;Nee
Amsterdam Events Company;D. de Bruyn;Extern - eigen terrein;Nieuw Hoograven;Workshops/braderie;200;21-6-2015;2;Ja
TicketMaster;V. van der Laan;Eventementenhal Smart City;Lombok-West;Conferentie;340;7-8-2018;1;Nee
Maison van den Boer Events;F. Timmermans;Buurthuis;Lunetten-Noord;Workshops/braderie;320;23-8-2019;2;Ja
Mojo;I. van der Wal;Horeca - intern;Pijlsweerd-Noord;Beurs/expo;720;4-10-2016;3;Nee
TicketMaster;U. van der Berg;Plein;Bedrijventerrein Lageweide;Beurs/expo;320;28-12-2015;3;Nee
TicketMaster;J. Bosch;Buurthuis;Buurtnaam;Beurs/expo;230;17-12-2015;3;Nee
Amsterdam Events Company;Y. Willemsen;Horeca - intern;Oudwijk;Spreker;780;16-4-2016;2;Nee
Wentink Events;F. de Bruin;Horeca - intern;Strijkviertel;Muzikaal (versterkt, niet live);660;8-3-2019;5;Ja
Wentink Events;F. Molenaar;Buurthuis;Pijlsweerd-Noord;Beurs/expo;760;26-10-2015;3;Nee
Wentink Events;E. van der Heyden;Sportcomplex;Schildersbuurt;Muzikaal (versterkt, niet live);840;26-5-2017;2;Nee
Amsterdam Events Company;F. Veenstra;Plein;Vogelenbuurt;Spreker;650;12-9-2017;4;Nee
TicketMaster;Q. de Leeuw;Stadspark;Lombok-Oost;Uitreiking;570;17-10-2019;4;Nee
Mojo;U. de Lange;Eventementenhal Smart City;Rivierenwijk;Workshops/braderie;760;24-7-2017;4;Nee
Wentink Events;H. van der Velde;Extern - straat;Tuindorp-Oost;Beurs/expo;690;21-1-2017;1;Nee
Arjan van Dijk Groep;S. Veenstra;Extern - eigen terrein;Buurtnaam;Muzikaal (live);400;15-8-2017;3;Nee
Arjan van Dijk Groep;I. de Bruin;Buurthuis;Molenbuurt;Muzikaal (versterkt, niet live);680;18-6-2017;1;Nee
Mojo;O. van der Linden;Extern - eigen terrein;Bokkenbuurt;Muzikaal (live);280;8-10-2018;2;Nee
TicketMaster;T. de Vries;Extern - straat;Papendorp;Uitreiking;950;15-12-2015;5;Nee
Mojo;Q. van der Ven;Stadspark;Hogeweide;Muzikaal (live);980;12-8-2019;5;Nee
Mojo;X. van der Veen;Stadspark;Terwijde;Uitreiking;910;30-4-2016;4;Ja
EventBrite;A. Jacobs;Eventementenhal Smart City;Schildersbuurt;Workshops/braderie;390;15-6-2019;1;Nee
Wentink Events;G. Mulder;Stadspark;Langerak;Muzikaal (live);650;25-1-2016;1;Nee
TicketMaster;L. Martens;Extern - eigen terrein;Transwijk-Zuid;Uitreiking;540;6-1-2017;5;Nee
TicketMaster;A. van Dijk;Extern - straat;Buurtnaam;Conferentie;460;5-12-2019;2;Nee
Arjan van Dijk Groep;I. van Veen;Horeca - intern;Kanaleneiland-Noord;Workshops/braderie;530;6-3-2015;3;Nee
PartyCompany;V. de Jonge;Extern - publieke parkeerplaats;Lombok-West;Muzikaal (live);680;31-8-2015;5;Nee
Amsterdam Events Company;K. Jacobs;Extern - publieke parkeerplaats;Oudwijk;Spreker;240;25-5-2017;1;Nee
Arjan van Dijk Groep;P. de Ruiter;Buurthuis;Kanaleneiland-Zuid;Muzikaal (versterkt, niet live);110;5-4-2018;3;Nee
TicketMaster;K. van de Pol;Plein;Rivierenwijk;Uitreiking;700;8-7-2019;4;Nee
PartyCompany;P. Vink;Buurthuis;Tuinwijk-Oost;Conferentie;660;13-3-2020;1;Nee
Amsterdam Events Company;J. Brouwer;Horeca - intern;Kanaleneiland-Noord;Muzikaal (versterkt, niet live);510;5-5-2019;3;Nee
EventBrite;R. van der Wal;Buurthuis;Transwijk-Zuid;Muzikaal (versterkt, niet live);290;12-3-2015;5;Nee
Mojo;M. Brouwer;Horeca - intern;Bedrijventerrein Lageweide;Muzikaal (live);470;10-9-2018;4;Nee
Arjan van Dijk Groep;E. van der Wal;Horeca - intern;Kanaleneiland-Zuid;Workshops/braderie;520;6-8-2019;3;Nee
Mojo;A. Sanders;Sportcomplex;Bedrijventerrein Lageweide;Uitreiking;540;7-12-2017;4;Nee
EventBrite;A. van den Velden;Extern - straat;Transwijk-Zuid;Muzikaal (live);950;7-11-2015;3;Ja
Wentink Events;A. Dekker;Extern - eigen terrein;Pijlsweerd-Noord;Uitreiking;250;15-8-2015;3;Nee
PartyCompany;D. van de Wal;Eventementenhal Smart City;Strijkviertel;Spreker;870;11-2-2017;2;Ja
Amsterdam Events Company;W. Kuipers;Eventementenhal Smart City;Transwijk-Noord;Conferentie;200;21-7-2016;3;Nee
PartyCompany;P. van de Veen;Extern - eigen terrein;Transwijk-Noord;Conferentie;50;23-7-2016;4;Nee
Mojo;Q. Koster;Sportcomplex;Watervogelbuurt;Beurs/expo;700;21-9-2016;1;Nee
EventBrite;B. Koning;Horeca - intern;Tweede Daalsebuurt en omgeving;Spreker;190;8-1-2015;2;Nee
Arjan van Dijk Groep;B. van der Ven;Buurthuis;Lunetten-Noord;Spreker;860;27-12-2018;2;Nee
Amsterdam Events Company;M. de Leeuw;Stadspark;Lunetten-Zuid;Beurs/expo;990;28-3-2015;2;Ja
Mojo;F. de Bruyn;Extern - publieke parkeerplaats;Nieuw Hoograven;Muzikaal (versterkt, niet live);450;16-12-2019;3;Nee
TicketMaster;O. Vermeulen;Plein;Kanaleneiland-Zuid;Muzikaal (versterkt, niet live);100;19-7-2015;2;Ja
EventBrite;S. van der Velde;Buurthuis;Watervogelbuurt;Muzikaal (niet versterkt);740;15-8-2015;4;Ja
Wentink Events;O. de Graaf;Eventementenhal Smart City;Ondiep;Muzikaal (versterkt, niet live);300;28-8-2015;5;Nee
Maison van den Boer Events;U. van der Heyden;Eventementenhal Smart City;Langerak;Beurs/expo;20;9-10-2017;2;Nee
TicketMaster;L. Verhoeven;Buurthuis;Lombok-West;Conferentie;10;28-2-2020;3;Ja
Mojo;T. van der Heyden;Eventementenhal Smart City;Bedrijvengebied Overvecht;Muzikaal (versterkt, niet live);670;11-12-2016;5;Nee
Wentink Events;B. Mol;Extern - publieke parkeerplaats;Terwijde;Conferentie;210;27-7-2015;2;Nee
Maison van den Boer Events;D. Evers;Stadspark;Buurtnaam;Muzikaal (niet versterkt);970;29-6-2017;5;Ja
Amsterdam Events Company;B. Martens;Extern - straat;Tuinwijk-West;Spreker;790;3-4-2020;3;Nee
Wentink Events;C. Kok;Horeca - intern;Kanaleneiland-Zuid;Workshops/braderie;50;4-2-2018;3;Nee
TicketMaster;X. de Bruyn;Plein;Oudwijk;Uitreiking;570;11-4-2016;4;Nee
EventBrite;Y. Peters;Sportcomplex;Tuinwijk-Oost;Muzikaal (versterkt, niet live);810;10-10-2017;4;Nee
Wentink Events;R. van der Velden;Eventementenhal Smart City;Pijlsweerd-Zuid;Beurs/expo;890;9-7-2017;1;Nee
Wentink Events;L. van Doorn;Plein;Pijlsweerd-Noord;Muzikaal (versterkt, niet live);440;3-1-2015;5;Nee
Maison van den Boer Events;I. Kramer;Extern - eigen terrein;Terwijde;Muzikaal (versterkt, niet live);40;12-7-2019;3;Nee
Amsterdam Events Company;X. de Bruyn;Eventementenhal Smart City;Kanaleneiland-Noord;Muzikaal (niet versterkt);860;6-7-2015;4;Ja
EventBrite;O. Schipper;Stadspark;Staatsliedenbuurt;Muzikaal (live);710;11-2-2015;1;Nee
Mojo;V. van den Bosch;Sportcomplex;Watervogelbuurt;Spreker;460;29-7-2019;4;Ja
Mojo;K. van den Berg;Stadspark;Dichterswijk;Muzikaal (niet versterkt);690;10-4-2017;4;Nee
PartyCompany;B. Driessen;Sportcomplex;Watervogelbuurt;Uitreiking;790;30-12-2014;5;Nee
Mojo;S. Smit;Plein;Hogeweide;Uitreiking;360;10-2-2018;3;Ja
Wentink Events;Z. van den Bosch;Horeca - intern;Pijlsweerd-Noord;Muzikaal (live);720;11-10-2016;5;Nee
Maison van den Boer Events;Q. van der Wal;Extern - publieke parkeerplaats;Tuinwijk-West;Spreker;930;3-9-2016;5;Ja
Amsterdam Events Company;F. van der Pol;Extern - straat;Vogelenbuurt;Uitreiking;20;14-8-2018;5;Ja
TicketMaster;Z. Jacobs;Eventementenhal Smart City;Lombok-West;Muzikaal (versterkt, niet live);680;9-9-2015;2;Nee
Maison van den Boer Events;K. Smits;Extern - publieke parkeerplaats;Pijlsweerd-Zuid;Uitreiking;870;19-9-2018;3;Nee
PartyCompany;F. van de Veen;Stadspark;Tuinwijk-West;Spreker;20;8-10-2017;1;Nee
Maison van den Boer Events;N. Dijkstra;Extern - straat;Tuinwijk-West;Beurs/expo;160;12-10-2017;2;Nee
Mojo;M. van de Wal;Plein;Sterrenwijk;Workshops/braderie;700;14-11-2017;2;Ja
Amsterdam Events Company;M. Veenstra;Extern - publieke parkeerplaats;Geuzenwijk;Muzikaal (versterkt, niet live);220;31-8-2016;3;Nee
EventBrite;W. Peeters;Sportcomplex;Bokkenbuurt;Muzikaal (niet versterkt);650;22-8-2019;3;Ja
Arjan van Dijk Groep;V. Peeters;Extern - straat;Bokkenbuurt;Muzikaal (versterkt, niet live);930;30-7-2015;1;Ja
Amsterdam Events Company;R. van der Berg;Extern - publieke parkeerplaats;Rivierenwijk;Workshops/braderie;560;28-11-2018;3;Nee
TicketMaster;Z. Martens;Horeca - intern;Strijkviertel;Beurs/expo;490;24-8-2017;2;Nee
Maison van den Boer Events;Y. Jacobs;Extern - straat;Tuinwijk-Oost;Muzikaal (live);230;6-11-2017;2;Ja
Amsterdam Events Company;P. van Wijk;Extern - straat;Buurtnaam;Uitreiking;620;27-4-2016;2;Ja
Mojo;Q. Martens;Eventementenhal Smart City;Oud Hoograven;Muzikaal (versterkt, niet live);300;21-12-2018;4;Nee
Mojo;T. Jansen;Extern - publieke parkeerplaats;Hogeweide;Uitreiking;10;13-10-2016;1;Nee
Maison van den Boer Events;W. de Vos;Stadspark;Lombok-Oost;Conferentie;40;29-7-2018;1;Ja
Arjan van Dijk Groep;A. van de Veen;Plein;Lombok-West;Spreker;450;16-2-2015;5;Ja
PartyCompany;Y. Jansen;Buurthuis;Transwijk-Noord;Muzikaal (niet versterkt);170;20-6-2017;1;Ja
Amsterdam Events Company;I. de Bruijn;Extern - straat;Lombok-Oost;Uitreiking;920;20-3-2015;3;Nee
Arjan van Dijk Groep;E. Kuipers;Horeca - intern;Sterrenwijk;Muzikaal (live);940;8-2-2015;1;Nee
PartyCompany;J. de Jong;Buurthuis;Terwijde;Beurs/expo;280;23-6-2017;4;Ja
TicketMaster;U. Maas;Stadspark;Tweede Daalsebuurt en omgeving;Beurs/expo;580;13-1-2020;5;Nee
Amsterdam Events Company;W. van Beek;Horeca - intern;Bedrijventerrein Lageweide;Beurs/expo;510;26-4-2015;2;Nee
PartyCompany;F. de Bruin;Plein;Lombok-West;Conferentie;960;16-9-2017;4;Nee
Mojo;K. Peeters;Stadspark;Vogelenbuurt;Workshops/braderie;180;12-9-2019;1;Nee
PartyCompany;Q. Kuipers;Stadspark;Bedrijventerrein Lageweide;Conferentie;710;31-5-2020;1;Ja
Amsterdam Events Company;T. Bosman;Buurthuis;Terwijde;Muzikaal (niet versterkt);880;13-9-2018;4;Nee
Arjan van Dijk Groep;L. Scholten;Extern - publieke parkeerplaats;Kanaleneiland-Zuid;Muzikaal (live);740;12-11-2018;4;Nee
PartyCompany;S. van de Wal;Stadspark;Tuindorp-Oost;Uitreiking;680;27-10-2019;5;Nee
Wentink Events;C. Blom;Extern - straat;Tweede Daalsebuurt en omgeving;Beurs/expo;810;24-9-2015;5;Ja
TicketMaster;W. van den Berg;Stadspark;Bloemenbuurt;Muzikaal (live);440;2-11-2016;2;Nee
Arjan van Dijk Groep;L. Kuiper;Horeca - intern;Molenbuurt;Muzikaal (live);500;14-2-2020;2;Nee
EventBrite;C. van der Meulen;Extern - eigen terrein;Bedrijventerrein Lageweide;Uitreiking;420;23-4-2017;3;Nee
PartyCompany;P. van der Wal;Sportcomplex;Lombok-West;Conferentie;220;8-5-2018;4;Nee
Maison van den Boer Events;Q. van den Bosch;Extern - straat;Tuinwijk-Oost;Conferentie;650;8-4-2015;5;Nee
Arjan van Dijk Groep;O. de Bruin;Horeca - intern;Oudwijk;Beurs/expo;810;17-3-2018;5;Nee
TicketMaster;C. Bosch;Plein;Ondiep;Beurs/expo;980;10-3-2016;2;Nee
Wentink Events;G. Molenaar;Stadspark;Schildersbuurt;Spreker;760;14-12-2018;4;Nee
Wentink Events;P. Molenaar;Plein;Lombok-West;Muzikaal (versterkt, niet live);680;16-1-2015;4;Ja
Wentink Events;E. Wolters;Extern - straat;Sterrenwijk;Spreker;180;16-4-2017;2;Ja
Wentink Events;B. Blom;Buurthuis;Lunetten-Zuid;Conferentie;710;15-7-2018;4;Nee
Mojo;B. Mulder;Buurthuis;Papendorp;Muzikaal (live);860;16-12-2015;1;Nee
Maison van den Boer Events;C. Dekker;Plein;Bloemenbuurt;Muzikaal (versterkt, niet live);550;2-9-2018;4;Ja
EventBrite;P. Peters;Stadspark;Schildersbuurt;Conferentie;260;29-9-2015;3;Nee
Arjan van Dijk Groep;V. van der Berg;Plein;Papendorp;Conferentie;190;11-2-2020;4;Nee
Arjan van Dijk Groep;P. van der Laan;Extern - eigen terrein;Oudwijk;Muzikaal (live);660;19-3-2020;1;Nee
TicketMaster;V. van den Velde;Buurthuis;Buurtnaam;Muzikaal (versterkt, niet live);740;15-3-2018;3;Nee
TicketMaster;W. Kuypers;Extern - publieke parkeerplaats;Watervogelbuurt;Conferentie;220;6-11-2015;2;Nee
Maison van den Boer Events;L. Mol;Buurthuis;Oud Hoograven;Workshops/braderie;520;21-6-2016;3;Nee
Amsterdam Events Company;C. de Bruijn;Horeca - intern;Papendorp;Conferentie;20;5-4-2016;4;Nee
Mojo;X. van den Velde;Extern - publieke parkeerplaats;Kanaleneiland-Zuid;Muzikaal (live);430;28-7-2017;2;Nee
Wentink Events;I. Hermans;Stadspark;Langerak;Beurs/expo;200;24-2-2016;4;Nee
EventBrite;Y. van der Pol;Sportcomplex;Lombok-West;Muzikaal (niet versterkt);780;3-5-2019;3;Nee
Wentink Events;E. Kok;Buurthuis;Schildersbuurt;Conferentie;640;29-4-2017;4;Nee
Wentink Events;I. van der Berg;Extern - straat;Bloemenbuurt;Muzikaal (versterkt, niet live);70;12-1-2016;4;Nee
Mojo;U. van den Velde;Eventementenhal Smart City;Pijlsweerd-Noord;Muzikaal (versterkt, niet live);80;24-10-2016;5;Ja
Amsterdam Events Company;J. van der Wal;Plein;Papendorp;Muzikaal (versterkt, niet live);90;12-11-2017;4;Ja
Arjan van Dijk Groep;S. Schipper;Eventementenhal Smart City;Staatsliedenbuurt;Workshops/braderie;900;28-2-2015;3;Ja
Maison van den Boer Events;P. de Jong;Extern - straat;Papendorp;Beurs/expo;390;17-10-2018;2;Nee
Amsterdam Events Company;X. Vos;Stadspark;Bedrijventerrein Lageweide;Conferentie;680;30-10-2018;3;Nee
Mojo;Z. Bakker;Horeca - intern;Oud Hoograven;Workshops/braderie;50;27-4-2020;1;Nee
Mojo;S. de Vries;Plein;Pijlsweerd-Zuid;Uitreiking;600;21-5-2020;1;Nee
Wentink Events;T. van Dongen;Extern - straat;Tuindorp-Oost;Workshops/braderie;330;3-11-2015;2;Nee
Mojo;P. van den Broek;Horeca - intern;Vogelenbuurt;Muzikaal (live);200;25-9-2015;1;Ja
Mojo;H. van de Berg;Horeca - intern;Ondiep;Workshops/braderie;660;28-5-2020;1;Nee
Maison van den Boer Events;Z. van de Velden;Sportcomplex;Kanaleneiland-Noord;Conferentie;510;2-6-2020;3;Nee
PartyCompany;G. de Koning;Extern - eigen terrein;Terwijde;Conferentie;50;23-8-2018;4;Nee
Wentink Events;K. Hermans;Extern - straat;Pijlsweerd-Zuid;Workshops/braderie;980;31-8-2018;1;Nee
Arjan van Dijk Groep;Z. van der Laan;Extern - publieke parkeerplaats;Zuilen-Noord;Conferentie;660;1-2-2019;4;Nee
Maison van den Boer Events;U. van der Meer;Extern - publieke parkeerplaats;Lunetten-Zuid;Muzikaal (niet versterkt);480;12-12-2017;4;Nee
TicketMaster;Y. Koning;Extern - eigen terrein;Geuzenwijk;Spreker;240;4-11-2018;2;Nee
PartyCompany;Y. Timmermans;Extern - straat;Bokkenbuurt;Muzikaal (live);690;1-6-2018;2;Nee
EventBrite;X. de Ruiter;Plein;Watervogelbuurt;Muzikaal (niet versterkt);920;30-4-2016;5;Nee
EventBrite;B. van den Heuvel;Stadspark;Buurtnaam;Beurs/expo;360;19-4-2020;3;Nee
Maison van den Boer Events;B. Scholten;Eventementenhal Smart City;Bokkenbuurt;Conferentie;110;13-7-2016;5;Nee
Amsterdam Events Company;V. de Bruijn;Eventementenhal Smart City;Vogelenbuurt;Muzikaal (versterkt, niet live);970;9-4-2016;3;Nee
PartyCompany;X. van Vliet;Extern - straat;Transwijk-Noord;Uitreiking;310;6-10-2019;4;Ja
Arjan van Dijk Groep;Z. Smeets;Stadspark;Schildersbuurt;Workshops/braderie;370;30-11-2016;3;Nee
EventBrite;E. van Leeuwen;Plein;Bedrijvengebied Overvecht;Conferentie;170;4-1-2015;4;Nee
Mojo;F. Mulder;Plein;Strijkviertel;Muzikaal (versterkt, niet live);300;21-9-2017;4;Nee
Mojo;Q. Vermeulen;Stadspark;Bokkenbuurt;Conferentie;680;16-8-2018;5;Nee
Arjan van Dijk Groep;Z. de Wit;Extern - eigen terrein;Rivierenwijk;Muzikaal (niet versterkt);430;22-12-2015;4;Nee
TicketMaster;W. van de Velden;Horeca - intern;Papendorp;Uitreiking;510;23-5-2016;3;Ja
PartyCompany;R. de Groot;Sportcomplex;Nieuw Hoograven;Uitreiking;30;14-5-2018;2;Nee
Mojo;S. Bosman;Extern - straat;Pijlsweerd-Noord;Uitreiking;10;22-9-2017;5;Ja
EventBrite;R. Smits;Buurthuis;Lunetten-Noord;Uitreiking;220;31-12-2019;1;Nee
Arjan van Dijk Groep;H. van Loon;Stadspark;Tuindorp-Oost;Muzikaal (live);590;8-4-2017;2;Nee
PartyCompany;Z. Hendriks;Horeca - intern;Oudwijk;Beurs/expo;220;5-11-2018;2;Nee
Mojo;N. van den Brink;Stadspark;Bedrijvengebied Overvecht;Muzikaal (versterkt, niet live);610;24-6-2018;1;Nee
Wentink Events;W. Blom;Plein;Bloemenbuurt;Muzikaal (versterkt, niet live);820;9-11-2017;4;Nee
Wentink Events;C. de Bruijn;Plein;Terwijde;Beurs/expo;920;28-1-2020;1;Ja
Mojo;J. van der Heijden;Extern - eigen terrein;Terwijde;Muzikaal (niet versterkt);910;2-1-2017;4;Nee
Arjan van Dijk Groep;Q. van de Pol;Extern - eigen terrein;Terwijde;Muzikaal (niet versterkt);150;27-1-2016;5;Nee
Mojo;H. Hendriks;Eventementenhal Smart City;Strijkviertel;Workshops/braderie;590;14-6-2018;1;Ja
Wentink Events;N. Gerritsen;Eventementenhal Smart City;Geuzenwijk;Workshops/braderie;140;24-3-2018;1;Nee
PartyCompany;U. de Graaf;Horeca - intern;Pijlsweerd-Noord;Spreker;520;14-1-2015;4;Nee
Maison van den Boer Events;V. van de Berg;Horeca - intern;Dichterswijk;Spreker;950;30-12-2015;1;Nee
EventBrite;Y. van Dijk;Sportcomplex;Tuinwijk-West;Uitreiking;740;27-1-2016;1;Nee
PartyCompany;C. Veenstra;Plein;Papendorp;Muzikaal (versterkt, niet live);100;9-2-2016;3;Nee
Wentink Events;F. Kuypers;Buurthuis;Papendorp;Uitreiking;150;25-1-2017;2;Ja
EventBrite;V. van der Berg;Plein;Sterrenwijk;Beurs/expo;730;7-10-2015;1;Nee
PartyCompany;T. Willems;Eventementenhal Smart City;Tuinwijk-West;Muzikaal (versterkt, niet live);480;12-2-2019;3;Nee
Amsterdam Events Company;D. Blom;Plein;Buurtnaam;Spreker;520;23-1-2019;5;Nee
EventBrite;J. van Dam;Extern - eigen terrein;Pijlsweerd-Noord;Muzikaal (versterkt, niet live);220;16-1-2018;1;Ja
EventBrite;Y. Janssen;Extern - eigen terrein;Dichterswijk;Conferentie;980;20-1-2017;4;Nee
Arjan van Dijk Groep;S. van de Veen;Horeca - intern;Nieuw Hoograven;Spreker;440;5-3-2016;3;Nee
PartyCompany;U. Koning;Sportcomplex;Rivierenwijk;Muzikaal (versterkt, niet live);100;17-10-2016;1;Nee
TicketMaster;N. Mulder;Plein;Watervogelbuurt;Beurs/expo;330;9-10-2015;1;Ja
Wentink Events;L. van de Meer;Buurthuis;Oud Hoograven;Muzikaal (niet versterkt);400;20-10-2015;4;Nee
Maison van den Boer Events;U. van der Linden;Extern - straat;Watervogelbuurt;Conferentie;320;10-1-2018;3;Nee
Wentink Events;N. Willemsen;Sportcomplex;Watervogelbuurt;Beurs/expo;740;19-10-2019;1;Nee
Maison van den Boer Events;P. de Vos;Eventementenhal Smart City;Lombok-Oost;Uitreiking;870;29-2-2016;2;Ja
Amsterdam Events Company;J. Driessen;Horeca - intern;Oudwijk;Uitreiking;540;18-2-2017;1;Nee
Arjan van Dijk Groep;E. Kramer;Stadspark;Zuilen-Noord;Beurs/expo;210;4-12-2018;3;Nee
Maison van den Boer Events;Y. Wolters;Stadspark;Bedrijvengebied Overvecht;Conferentie;780;27-6-2017;2;Ja
EventBrite;Q. Jonker;Extern - publieke parkeerplaats;Hogeweide;Muzikaal (niet versterkt);470;4-6-2020;1;Ja
Maison van den Boer Events;B. van der Berg;Extern - eigen terrein;Oud Hoograven;Muzikaal (niet versterkt);860;28-1-2020;2;Nee
Mojo;G. Wolters;Buurthuis;Sterrenwijk;Muzikaal (versterkt, niet live);70;4-1-2018;5;Nee
PartyCompany;Q. Vermeulen;Stadspark;Bokkenbuurt;Uitreiking;80;7-4-2018;5;Nee
Arjan van Dijk Groep;N. van der Heyden;Horeca - intern;Transwijk-Noord;Spreker;980;19-12-2017;4;Nee
Amsterdam Events Company;G. Sanders;Stadspark;Tuinwijk-West;Uitreiking;430;6-1-2015;1;Nee
Mojo;T. van de Velden;Buurthuis;Schildersbuurt;Muzikaal (live);940;3-2-2019;2;Nee
Mojo;N. Timmermans;Extern - straat;Strijkviertel;Muzikaal (niet versterkt);890;12-1-2015;2;Nee
Maison van den Boer Events;F. van der Berg;Eventementenhal Smart City;Nieuw Hoograven;Workshops/braderie;440;14-11-2015;2;Ja
Maison van den Boer Events;I. Willems;Extern - eigen terrein;Lombok-West;Uitreiking;330;24-9-2017;4;Nee
Amsterdam Events Company;A. Timmermans;Horeca - intern;Lunetten-Zuid;Muzikaal (niet versterkt);530;21-3-2017;4;Nee
Wentink Events;W. Vink;Sportcomplex;Bokkenbuurt;Muzikaal (versterkt, niet live);360;5-2-2017;2;Nee
PartyCompany;N. Boer;Extern - straat;Kanaleneiland-Zuid;Spreker;530;19-9-2019;4;Nee
Amsterdam Events Company;V. van den Velde;Horeca - intern;Langerak;Muzikaal (versterkt, niet live);690;13-1-2015;2;Nee
PartyCompany;W. Willems;Eventementenhal Smart City;Zuilen-Noord;Muzikaal (versterkt, niet live);120;15-3-2018;1;Nee
TicketMaster;I. Verhoeven;Stadspark;Lombok-Oost;Uitreiking;580;7-6-2018;5;Nee
Amsterdam Events Company;H. Molenaar;Stadspark;Lombok-West;Spreker;640;24-5-2017;3;Nee
Wentink Events;Y. van den Velde;Buurthuis;Lunetten-Noord;Spreker;840;20-10-2019;2;Nee
EventBrite;Y. de Haan;Extern - straat;Tuinwijk-West;Spreker;30;8-7-2019;1;Nee
Amsterdam Events Company;D. Jansen;Buurthuis;Bloemenbuurt;Muzikaal (live);880;5-2-2016;5;Nee
Mojo;Z. Schouten;Extern - eigen terrein;Lombok-West;Conferentie;500;13-4-2016;1;Nee
Mojo;W. Maas;Buurthuis;Langerak;Muzikaal (niet versterkt);370;23-9-2016;5;Nee
TicketMaster;A. de Vries;Buurthuis;Geuzenwijk;Muzikaal (niet versterkt);880;19-12-2015;4;Ja
Amsterdam Events Company;H. Sanders;Sportcomplex;Tuinwijk-West;Muzikaal (versterkt, niet live);930;23-6-2018;4;Nee
Amsterdam Events Company;D. Kramer;Extern - publieke parkeerplaats;Bedrijventerrein Lageweide;Spreker;470;17-2-2019;3;Ja
PartyCompany;G. van der Meer;Buurthuis;Bedrijventerrein Lageweide;Conferentie;230;8-11-2015;2;Nee
PartyCompany;S. Kuipers;Buurthuis;Pijlsweerd-Noord;Spreker;680;10-1-2019;3;Nee
Wentink Events;O. van Dijk;Sportcomplex;Terwijde;Muzikaal (niet versterkt);560;22-10-2019;4;Nee
PartyCompany;Y. Boer;Stadspark;Strijkviertel;Beurs/expo;230;6-5-2016;5;Ja
PartyCompany;V. de Vos;Plein;Ondiep;Conferentie;380;23-11-2015;5;Ja
TicketMaster;D. van de Velde;Horeca - intern;Transwijk-Zuid;Muzikaal (versterkt, niet live);240;27-8-2017;5;Nee
Wentink Events;W. Evers;Buurthuis;Rivierenwijk;Uitreiking;50;4-2-2020;3;Nee
Arjan van Dijk Groep;Y. van Wijk;Plein;Ondiep;Muzikaal (versterkt, niet live);370;31-8-2018;2;Nee
Mojo;S. Bosman;Extern - eigen terrein;Ondiep;Conferentie;670;2-6-2017;5;Nee
Maison van den Boer Events;H. Meyer;Extern - straat;Vogelenbuurt;Spreker;960;18-4-2017;2;Nee
Maison van den Boer Events;X. Dekker;Eventementenhal Smart City;Schildersbuurt;Muzikaal (niet versterkt);610;17-6-2020;2;Ja
EventBrite;Z. Blom;Stadspark;Geuzenwijk;Uitreiking;150;1-7-2015;1;Ja
EventBrite;A. van de Velde;Eventementenhal Smart City;Oud Hoograven;Conferentie;890;8-1-2016;3;Nee
Amsterdam Events Company;R. Scholten;Eventementenhal Smart City;Lunetten-Noord;Uitreiking;450;20-4-2020;2;Nee
PartyCompany;C. Jacobs;Stadspark;Watervogelbuurt;Workshops/braderie;420;19-9-2018;2;Nee
TicketMaster;T. Koning;Extern - straat;Kanaleneiland-Zuid;Conferentie;540;15-3-2019;1;Ja
Amsterdam Events Company;E. Brouwer;Extern - eigen terrein;Bloemenbuurt;Uitreiking;740;9-9-2019;2;Ja
TicketMaster;K. van Dam;Plein;Dichterswijk;Muzikaal (versterkt, niet live);940;18-7-2017;1;Nee
Maison van den Boer Events;X. Kuypers;Extern - eigen terrein;Lombok-Oost;Workshops/braderie;480;6-6-2018;5;Ja
Amsterdam Events Company;L. van der Horst;Buurthuis;Lunetten-Zuid;Spreker;140;14-6-2018;5;Ja
Maison van den Boer Events;O. van der Laan;Eventementenhal Smart City;Oud Hoograven;Muzikaal (live);860;9-10-2018;4;Nee
PartyCompany;U. Meijer;Plein;Bloemenbuurt;Muzikaal (versterkt, niet live);500;6-6-2016;1;Nee
Arjan van Dijk Groep;B. de Bruijn;Stadspark;Bedrijvengebied Overvecht;Muzikaal (live);710;27-7-2016;4;Ja
TicketMaster;S. van der Wal;Extern - publieke parkeerplaats;Tuindorp-Oost;Uitreiking;880;28-3-2020;1;Nee
EventBrite;S. van de Velde;Extern - publieke parkeerplaats;Pijlsweerd-Zuid;Muzikaal (versterkt, niet live);860;14-7-2018;2;Nee
EventBrite;I. Dijkstra;Extern - eigen terrein;Terwijde;Uitreiking;260;4-5-2016;4;Ja
EventBrite;D. van der Meer;Stadspark;Lunetten-Zuid;Spreker;30;5-9-2015;4;Nee
EventBrite;D. van Dam;Extern - straat;Kanaleneiland-Noord;Muzikaal (versterkt, niet live);330;23-10-2016;1;Nee
Mojo;A. de Haan;Extern - eigen terrein;Kanaleneiland-Noord;Muzikaal (live);10;16-7-2015;5;Nee
TicketMaster;E. van der Laan;Horeca - intern;Bokkenbuurt;Workshops/braderie;240;23-11-2016;5;Ja
PartyCompany;C. van der Laan;Sportcomplex;Transwijk-Zuid;Workshops/braderie;790;1-8-2015;2;Nee
PartyCompany;I. Bos;Stadspark;Molenbuurt;Beurs/expo;660;5-7-2016;3;Nee
Arjan van Dijk Groep;K. Kramer;Horeca - intern;Nieuw Hoograven;Spreker;770;2-1-2019;3;Ja
Mojo;V. Sanders;Horeca - intern;Hogeweide;Muzikaal (versterkt, niet live);730;3-1-2020;2;Nee
Mojo;Q. Dekker;Extern - publieke parkeerplaats;Molenbuurt;Conferentie;860;17-1-2019;2;Nee
Amsterdam Events Company;V. Willems;Sportcomplex;Bokkenbuurt;Uitreiking;220;22-3-2016;3;Nee
Wentink Events;F. de Vries;Stadspark;Geuzenwijk;Muzikaal (niet versterkt);620;23-8-2017;1;Nee
Maison van den Boer Events;R. Smeets;Extern - publieke parkeerplaats;Schildersbuurt;Beurs/expo;90;29-6-2016;2;Ja
Mojo;R. Kuijpers;Eventementenhal Smart City;Ondiep;Conferentie;660;25-1-2015;5;Nee
Arjan van Dijk Groep;E. Janssen;Eventementenhal Smart City;Terwijde;Conferentie;690;20-3-2016;1;Nee
EventBrite;X. van de Pol;Extern - straat;Lombok-Oost;Workshops/braderie;680;15-5-2017;2;Nee
Arjan van Dijk Groep;Q. Gerritsen;Stadspark;Pijlsweerd-Noord;Spreker;620;2-6-2016;2;Nee
EventBrite;U. van der Meulen;Stadspark;Dichterswijk;Uitreiking;700;10-10-2016;4;Nee
Wentink Events;G. van der Meulen;Stadspark;Lunetten-Zuid;Beurs/expo;490;16-12-2015;3;Nee
EventBrite;P. van der Ven;Plein;Rivierenwijk;Muzikaal (versterkt, niet live);100;11-5-2017;4;Ja
TicketMaster;C. Jacobs;Extern - eigen terrein;Lunetten-Zuid;Muzikaal (versterkt, niet live);560;15-2-2015;2;Ja
Mojo;C. van de Ven;Buurthuis;Lombok-West;Muzikaal (versterkt, niet live);930;15-9-2015;5;Ja
Arjan van Dijk Groep;U. de Groot;Extern - straat;Bedrijventerrein Lageweide;Muzikaal (live);500;27-1-2016;3;Nee
Wentink Events;L. Smit;Stadspark;Bloemenbuurt;Beurs/expo;370;16-2-2019;1;Nee
Mojo;V. Kok;Horeca - intern;Hogeweide;Beurs/expo;660;4-11-2015;1;Nee
PartyCompany;S. Jacobs;Sportcomplex;Staatsliedenbuurt;Beurs/expo;150;9-4-2018;2;Nee
Maison van den Boer Events;V. de Koning;Extern - straat;Langerak;Muzikaal (versterkt, niet live);140;25-12-2017;4;Nee
Arjan van Dijk Groep;J. Huisman;Stadspark;Lombok-West;Beurs/expo;80;6-2-2017;2;Nee
PartyCompany;C. de Wit;Buurthuis;Dichterswijk;Muzikaal (live);450;13-8-2019;1;Ja
TicketMaster;F. de Ruiter;Plein;Staatsliedenbuurt;Beurs/expo;650;12-9-2018;4;Nee
Maison van den Boer Events;A. de Jonge;Extern - eigen terrein;Kanaleneiland-Zuid;Uitreiking;950;15-3-2020;3;Nee
Mojo;T. Hermans;Eventementenhal Smart City;Terwijde;Uitreiking;450;17-3-2017;5;Ja
Maison van den Boer Events;U. de Bruijn;Sportcomplex;Pijlsweerd-Noord;Muzikaal (live);910;8-7-2015;1;Nee
TicketMaster;F. van den Bosch;Buurthuis;Oudwijk;Muzikaal (versterkt, niet live);30;3-7-2018;5;Nee
PartyCompany;B. Vink;Extern - publieke parkeerplaats;Buurtnaam;Workshops/braderie;420;19-4-2020;4;Ja
PartyCompany;D. Vermeulen;Buurthuis;Geuzenwijk;Muzikaal (versterkt, niet live);20;23-1-2015;2;Nee
Amsterdam Events Company;S. Jacobs;Extern - eigen terrein;Staatsliedenbuurt;Muzikaal (live);140;31-12-2016;4;Ja
Wentink Events;E. van der Ven;Extern - eigen terrein;Lombok-Oost;Workshops/braderie;310;13-8-2017;4;Nee
PartyCompany;F. Kramer;Extern - publieke parkeerplaats;Oud Hoograven;Uitreiking;750;26-10-2019;1;Nee
PartyCompany;R. de Leeuw;Plein;Lombok-Oost;Workshops/braderie;980;8-6-2015;4;Nee
Wentink Events;Z. van de Velden;Extern - publieke parkeerplaats;Strijkviertel;Workshops/braderie;460;31-5-2016;1;Nee
Wentink Events;R. de Groot;Extern - eigen terrein;Bokkenbuurt;Workshops/braderie;540;4-6-2017;5;Nee
Mojo;K. Smeets;Eventementenhal Smart City;Watervogelbuurt;Muzikaal (versterkt, niet live);70;26-11-2017;4;Nee
Mojo;L. de Koning;Stadspark;Bloemenbuurt;Workshops/braderie;990;17-3-2016;1;Nee
Amsterdam Events Company;F. de Groot;Extern - straat;Tuinwijk-Oost;Conferentie;720;2-4-2019;4;Nee
Mojo;Z. van der Velde;Buurthuis;Lombok-Oost;Conferentie;160;28-6-2019;3;Nee
TicketMaster;Y. van der Meer;Stadspark;Vogelenbuurt;Spreker;320;11-2-2020;1;Nee
Amsterdam Events Company;D. van Veen;Buurthuis;Molenbuurt;Conferentie;320;22-3-2015;1;Nee
PartyCompany;L. Bakker;Eventementenhal Smart City;Papendorp;Uitreiking;860;1-9-2016;1;Nee
TicketMaster;U. van de Veen;Stadspark;Bokkenbuurt;Beurs/expo;510;5-2-2015;3;Ja
Amsterdam Events Company;U. Kuijpers;Horeca - intern;Ondiep;Conferentie;880;15-10-2015;3;Ja
Amsterdam Events Company;Z. van Leeuwen;Extern - publieke parkeerplaats;Bedrijvengebied Overvecht;Muzikaal (live);920;25-2-2017;3;Ja
EventBrite;V. van der Meer;Buurthuis;Lombok-Oost;Uitreiking;600;13-12-2016;2;Nee
Wentink Events;L. Mulder;Extern - publieke parkeerplaats;Kanaleneiland-Zuid;Muzikaal (versterkt, niet live);230;12-9-2018;5;Nee
EventBrite;J. van der Linden;Horeca - intern;Lunetten-Zuid;Muzikaal (niet versterkt);660;26-11-2019;2;Ja
Mojo;O. Maas;Plein;Lombok-Oost;Muzikaal (niet versterkt);360;4-1-2015;3;Nee
Maison van den Boer Events;B. Hermans;Sportcomplex;Transwijk-Zuid;Beurs/expo;820;24-3-2020;2;Ja
EventBrite;L. Hendriks;Horeca - intern;Kanaleneiland-Noord;Spreker;610;25-2-2017;1;Ja
Maison van den Boer Events;Z. van Veen;Plein;Tweede Daalsebuurt en omgeving;Conferentie;440;14-8-2018;2;Nee
TicketMaster;L. Schipper;Extern - straat;Papendorp;Muzikaal (versterkt, niet live);760;5-1-2016;5;Nee
Mojo;N. van den Brink;Eventementenhal Smart City;Ondiep;Beurs/expo;40;18-7-2017;2;Nee
Mojo;M. Dekker;Extern - publieke parkeerplaats;Ondiep;Muzikaal (niet versterkt);890;7-6-2019;5;Nee
Amsterdam Events Company;Q. van der Wal;Extern - straat;Sterrenwijk;Muzikaal (versterkt, niet live);590;17-9-2016;3;Nee
Wentink Events;E. Kok;Extern - eigen terrein;Lombok-Oost;Muzikaal (versterkt, niet live);120;24-11-2015;3;Nee
Wentink Events;J. van de Brink;Plein;Rivierenwijk;Muzikaal (live);1000;21-2-2016;5;Nee
PartyCompany;Z. Mulder;Horeca - intern;Tweede Daalsebuurt en omgeving;Spreker;130;16-7-2015;2;Nee
Arjan van Dijk Groep;E. Wolters;Extern - publieke parkeerplaats;Transwijk-Zuid;Muzikaal (live);260;6-4-2015;4;Nee
EventBrite;Y. Smits;Extern - publieke parkeerplaats;Buurtnaam;Muzikaal (versterkt, niet live);520;21-2-2017;5;Ja
EventBrite;C. de Ruiter;Buurthuis;Transwijk-Noord;Workshops/braderie;830;2-9-2019;5;Nee
PartyCompany;S. Hermans;Buurthuis;Kanaleneiland-Zuid;Conferentie;670;28-10-2016;2;Nee
Amsterdam Events Company;V. Dekker;Stadspark;Schildersbuurt;Workshops/braderie;60;12-4-2015;4;Nee
Arjan van Dijk Groep;V. de Bruyn;Stadspark;Ondiep;Conferentie;200;25-6-2018;4;Nee
EventBrite;D. Meyer;Eventementenhal Smart City;Dichterswijk;Beurs/expo;380;7-11-2018;2;Nee
Maison van den Boer Events;H. de Haan;Eventementenhal Smart City;Geuzenwijk;Spreker;980;23-3-2019;5;Nee
PartyCompany;V. Gerritsen;Buurthuis;Buurtnaam;Workshops/braderie;880;24-1-2015;4;Nee
Mojo;J. Mulder;Sportcomplex;Geuzenwijk;Workshops/braderie;120;8-10-2016;4;Ja
TicketMaster;P. de Ruiter;Sportcomplex;Rivierenwijk;Muzikaal (versterkt, niet live);300;21-12-2017;2;Ja
Arjan van Dijk Groep;U. Postma;Stadspark;Dichterswijk;Uitreiking;420;25-2-2017;4;Nee
EventBrite;I. Molenaar;Sportcomplex;Tweede Daalsebuurt en omgeving;Beurs/expo;960;4-5-2015;5;Nee
EventBrite;J. van de Velden;Extern - straat;Pijlsweerd-Noord;Spreker;600;4-8-2018;2;Nee
Wentink Events;A. Hendriks;Sportcomplex;Strijkviertel;Muzikaal (live);560;6-11-2016;3;Nee
Amsterdam Events Company;F. Mol;Buurthuis;Tuinwijk-Oost;Beurs/expo;750;26-11-2019;5;Nee
EventBrite;J. Hoekstra;Extern - publieke parkeerplaats;Tuindorp-Oost;Beurs/expo;590;7-9-2018;1;Nee
Mojo;I. van de Meer;Plein;Pijlsweerd-Zuid;Workshops/braderie;100;27-10-2015;4;Nee
PartyCompany;L. van den Pol;Extern - straat;Bloemenbuurt;Muzikaal (niet versterkt);60;29-7-2018;2;Nee
Wentink Events;C. de Wit;Horeca - intern;Tuinwijk-Oost;Beurs/expo;840;9-2-2018;2;Nee
Amsterdam Events Company;J. de Haan;Buurthuis;Pijlsweerd-Noord;Workshops/braderie;950;29-5-2017;3;Nee
Maison van den Boer Events;V. van Leeuwen;Buurthuis;Kanaleneiland-Noord;Workshops/braderie;20;6-1-2018;4;Nee
Wentink Events;B. Hofman;Horeca - intern;Tuinwijk-Oost;Conferentie;490;8-4-2016;3;Nee
Mojo;J. van den Berg;Extern - publieke parkeerplaats;Tweede Daalsebuurt en omgeving;Muzikaal (live);770;7-3-2015;3;Nee
TicketMaster;G. van de Velde;Buurthuis;Lombok-West;Spreker;920;30-11-2019;1;Nee
Amsterdam Events Company;S. Gerritsen;Sportcomplex;Buurtnaam;Spreker;40;30-11-2017;1;Nee
Wentink Events;G. Dijkstra;Buurthuis;Tuindorp-Oost;Conferentie;940;11-8-2017;5;Nee
TicketMaster;Y. de Jonge;Extern - publieke parkeerplaats;Lunetten-Zuid;Muzikaal (niet versterkt);50;8-10-2018;4;Nee
Wentink Events;D. Koster;Horeca - intern;Lombok-West;Muzikaal (niet versterkt);320;22-5-2019;3;Nee
Mojo;V. van Dijk;Horeca - intern;Tweede Daalsebuurt en omgeving;Spreker;300;12-7-2015;3;Nee
Arjan van Dijk Groep;U. van der Berg;Stadspark;Kanaleneiland-Zuid;Muzikaal (niet versterkt);170;22-9-2016;5;Ja
PartyCompany;O. van der Meer;Extern - straat;Tweede Daalsebuurt en omgeving;Workshops/braderie;360;15-1-2018;2;Nee
Amsterdam Events Company;G. Driessen;Stadspark;Tuinwijk-Oost;Beurs/expo;90;4-2-2015;5;Nee
Amsterdam Events Company;H. de Wit;Extern - straat;Schildersbuurt;Muzikaal (niet versterkt);390;24-7-2019;5;Nee
TicketMaster;F. Hendriks;Stadspark;Molenbuurt;Conferentie;330;2-9-2015;4;Ja
